neighbourhood,postalcode,street
Área Rural de Caraguatatuba,11679-899,Área Rural
Balneário Califórnia,11676-000,Rua Gabriel Fagundes da Rosa
Balneário Califórnia,11676-010,Rua João Rodrigues do Prado
Balneário Califórnia,11676-020,Rua Lázaro Coelho de Oliveira
Balneário Califórnia,11676-021,Avenida Marginal Esquerda
Balneário Califórnia,11676-022,Rua Dezesseis
Balneário Califórnia,11676-023,Rua Quatro
Balneário Califórnia,11676-024,Rua Dezessete
Balneário Califórnia,11676-025,Rua Quatorze
Balneário Califórnia,11676-026,Rua Cinco
Balneário Califórnia,11676-029,Rua Ilda Leite de Jesus
Balneário Califórnia,11676-030,Rua José Martins dos Santos
Balneário Califórnia,11676-040,Rua Benedito Rodrigues Santos
Balneário Califórnia,11676-079,Rua Benedito Caetano dos Santos
Balneário Califórnia,11676-410,Avenida Tsuzuki Yoshimoto
Balneário Califórnia,11676-485,Rua Francisco Lourival Cruz de Oliveira
Balneário Califórnia,11676-705,Rua Benedito Cunha Alvarenga
Balneário Copacabana,11676-060,Rua João Batista do Prado
Balneário Copacabana,11676-061,Rua Itoue Iochimoto
Balneário Copacabana,11676-062,Viela Três
Balneário Copacabana,11676-070,Rua Geraldo Cordeiro de Souza
Balneário Copacabana,11676-080,Avenida Benedito Corrêa do Prado
Balneário Copacabana,11676-090,Rua Onze
Balneário Copacabana,11676-400,Avenida Maria de Lourdes da Silva Kfouri
Balneário Copacabana,11676-401,Rua Zenichi Kamiyama
Balneário Copacabana,11676-403,Rua Seishi Yoshimoto
Balneário Copacabana,11676-405,Rua Tatsuo Matsumoto
Balneário Copacabana,11676-430,Rua Toyo Kamiyama
Balneário Copacabana,11676-440,Rua Iwai Saito
Balneário Copacabana,11676-450,Rua Reverendo Takeo Monobe
Balneário Copacabana,11676-465,Avenida Akiyo Nagae
Balneário Copacabana,11676-470,Rua Yasushige Nagae
Balneário Copacabana,11676-480,Rua Seis
Balneário Copacabana,11676-490,Rua Eli Minqueti
Balneário Copacabana,11676-495,Rua Dois
Balneário dos Golfinhos,11666-780,Avenida Emílio Manzano Lhorente
Balneário dos Golfinhos,11666-790,Alameda Alfredo Carlos Rokita
Balneário dos Golfinhos,11666-800,Avenida Pedro Reginaldo da Costa
Balneário Forest,11661-230,Rua Queluz
Balneário Forest,11661-231,Rua Romeu de Freitas
Balneário Forest,11661-232,Travessa Claudete Furlan Garcia
Balneário Forest,11661-240,Rua José Sidney Trombini
Balneário Forest,11661-250,Rua Campinas
Balneário Forest,11661-260,Avenida Jundiaí
Balneário Forest,11661-300,Avenida Presidente Castelo Branco
Balneário Forest,11661-550,Rua Guararema
Balneário Forest,11661-560,Rua Lourenço Castanho Taques
Balneário Gardem Mar,11677-034,Rua Salustiana Maria de Jesus
Balneário Gardem Mar,11677-035,Rua Rodolfo Martes Faria
Balneário Gardem Mar,11677-040,Avenida Maestro Heitor de Carvalho
Balneário Gardem Mar,11677-041,Rua R
Balneário Gardem Mar,11677-042,Rua Ennio Angelo Bertoncini
Balneário Gardem Mar,11677-043,Rua L
Balneário Gardem Mar,11677-044,Rua M
Balneário Gardem Mar,11677-045,Rua N
Balneário Gardem Mar,11677-046,Rua Hortência Pinto Noronha
Balneário Gardem Mar,11677-047,Rua P
Balneário Gardem Mar,11677-048,Rua Q
Balneário Gardem Mar,11677-049,Rua S
Balneário Gardem Mar,11677-311,Rua X
Balneário Gardem Mar,11677-312,Rua O
Balneário Gardem Mar,11677-313,Rua Um
Balneário Gardem Mar,11677-314,Rua A3
Balneário Gardem Mar,11677-315,Rua A4
Balneário Gardem Mar,11677-316,Rua A2
Balneário Gardem Mar,11677-317,Rua A1
Balneário Gardem Mar,11677-318,Rua F
Balneário Gardem Mar,11677-319,Rua Anna Zamarzahl Y Carnero
Balneário Gardem Mar,11677-320,Rua Pedro Santana
Balneário Gardem Mar,11677-321,Rua C
Balneário Gardem Mar,11677-322,Rua A
Balneário Gardem Mar,11677-325,Avenida Otavio Luiz Soares
Balneário Gardem Mar,11677-326,Rua T
Balneário Gardem Mar,11677-327,Rua U
Balneário Gardem Mar,11677-328,Rua G
Balneário Gardem Mar,11677-329,Rua João Levy Navarro
Balneário Mar Azul,11666-770,Rua Inácio Batista de Faria
Balneário Mar Azul,11666-771,Rua G1
Balneário Mar Azul,11666-772,Rua G2
Balneário Mar Azul,11666-773,Rua G3
Balneário Mar Azul,11666-774,Rua K2
Balneário Mar Azul,11666-775,Rua F1
Balneário Mar Azul,11666-776,Rua U1
Balneário Recanto do Sol,11666-820,Avenida Alice Arouca
Balneário Recanto do Sol,11666-821,Rua Amadeu Marini
Balneário Recanto do Sol,11666-829,Rua K1
Balneário Recanto do Sol,11666-830,Rua Andradina Garcia dos Reis
Balneário Recanto do Sol,11666-831,Avenida Domingos Martins Cabrera
Balneário Recanto do Sol,11666-832,Rua A Hum
Balneário Recanto do Sol,11666-833,Rua A Dois
Balneário Recanto do Sol,11666-834,Rua Antonio Ferreira de Azevedo Filho
Balneário Recanto do Sol,11666-835,Rua Gilberto Henrique Bechara
Balneário Recanto do Sol,11666-836,Rua C Hum
Balneário Recanto do Sol,11666-837,Rua C Dois
Balneário Recanto do Sol,11666-838,Rua Rita Conceição Moreira
Balneário Recanto do Sol,11666-839,Rua E Hum
Balneário Recanto do Sol,11666-840,Rua E Dois
Balneário Recanto do Sol,11666-841,Rua E Três
Balneário Recanto do Sol,11666-842,Rua F Hum
Balneário Recanto do Sol,11666-843,Rua G Hum
Balneário Recanto do Sol,11666-844,Rua Oscar Augusto Guelli
Balneário Recanto do Sol,11666-845,Rua Mayrone Gonçalves Chaves
Balneário Recanto do Sol,11666-846,Rua Enio Paulino Gouveia
Balneário Recanto do Sol,11666-847,Rua Elza Arouca
Balneário Recanto do Sol,11666-848,Rua K Dois
Balneário Recanto do Sol,11666-849,Rua K Três
Balneário Recanto do Sol,11666-850,Rua O Um
Balneário Recanto do Sol,11666-851,Rua O Dois
Balneário Recanto do Sol,11666-852,Rua O Três
Balneário Recanto do Sol,11666-853,Rua Hum
Balneário Recanto do Sol,11666-854,Rua Dois
Balneário Recanto do Sol,11666-855,Rua Três
Balneário Recanto do Sol,11666-856,Rua Quatro
Barranco Alto,11670-000,Avenida Manoel Severino de Castro
Barranco Alto,11670-010,Rua Manoel Severino de Castro
Barranco Alto,11670-011,Rua Gabriel de Oliveira
Barranco Alto,11670-012,Travessa Particular
Barranco Alto,11670-015,Rua Luiz Jacinto da Silva
Barranco Alto,11670-019,Rua Tangará
Barranco Alto,11670-020,Rua Ismael Iglesias
Barranco Alto,11670-021,Travessa Abidon Pereira dos Santos
Barranco Alto,11670-022,Travessa Hum
Barranco Alto,11670-025,Rua Dois
Barranco Alto,11670-030,Avenida Hum
Barranco Alto,11670-040,Rua Benedito Cruz
Barranco Alto,11670-050,Rua Arnaldo Mateus Negro
Barranco Alto,11670-060,Rua Álvaro Jorge
Barranco Alto,11670-070,Rua Lourival de Oliveira
Barranco Alto,11670-080,Rua Mariana Gonçalves
Barranco Alto,11670-090,Rua Manoel Paulino Ferreira
Barranco Alto,11670-100,Rua Lourival Paes
Barranco Alto,11670-110,Rua Israel Iglesias
Barranco Alto,11670-120,Rua Pedro de Oliveira
Barranco Alto,11670-130,Rua José Ferrari Pegoreli
Barranco Alto,11670-140,Rua Boaventura de Souza
Barranco Alto,11670-150,Rua Benedito Severino Castro
Barranco Alto,11670-160,Rua Sebastião Paulino Ferreira
Barranco Alto,11670-170,Rua Floriano Paulino Ferreira
Barranco Alto,11670-180,Rua Antônio Paulino Ferreira
Barranco Alto,11670-190,Rua Benedito Paes
Barranco Alto,11670-200,Rua Cláudio Manuel da Costa
Barranco Alto,11670-210,Rua Rosana
Barranco Alto,11670-220,Rua José Caetano de Oliveira
Benfica,11660-135,Rua Delfino Macedo
Benfica,11660-145,Rua Capitão José Macedo
Benfica,11660-155,Rua Iraci
Benfica,11660-165,Rua Maria Hortência
Benfica,11660-195,Rua Ione
Benfica,11660-405,Rua Antônio Mathias dos Reis Filho
Benfica,11660-406,Rua Maestro Pedro Alves de Souza
Benfica,11660-407,Rua Cristina Canova Passos
Benfica,11660-415,Rua Benedito Miguel da Costa
Benfica,11660-457,Rua Josefa Luzinete de Souza
Cantagalo,11661-395,Avenida Antônio Francisco Paschoal Peliciari
Capricónio III,11676-095,Rua Benedito Jesuíno
Capricónio III,11676-701,Rua Vinte
Capricónio III,11676-702,Rua Oito
Capricónio III,11676-704,Rua Nove
Capricónio III,11676-706,Rua João Caetano dos Santos Filho
Capricónio III,11676-707,Rua Doze
Capricónio III,11676-708,Rua Treze
Capricónio III,11676-709,Rua Quinze
Capricónio III,11676-711,Rua Dezesseis
Capricónio III,11676-712,Rua Dezessete
Capricónio III,11676-713,Rua Dezoito
Capricónio III,11676-714,Rua José Valdo de Oliveira
Capricórnio I,11676-412,Rua Polux
Capricórnio I,11676-435,Avenida Baleia
Capricórnio I,11676-510,Avenida Eridano
Capricórnio I,11676-515,Avenida Balança
Capricórnio I,11676-520,Avenida Pavão
Capricórnio I,11676-525,Avenida Hidra
Capricórnio I,11676-530,Alameda dos Salmões
Capricórnio I,11676-535,Rua Pegasso
Capricórnio I,11676-540,Rua Cisne
Capricórnio I,11676-545,Rua Cruzeiro do Sul
Capricórnio I,11676-550,Avenida Câncer
Capricórnio I,11676-560,Rua Hiades
Capricórnio I,11676-565,Rua Ursa Menor
Capricórnio I,11676-570,Rua Ursa Maior
Capricórnio I,11676-575,Rua Cassiopéia
Capricórnio I,11676-580,Rua Índio
Capricórnio I,11676-583,Rua Andromeda
Capricórnio I,11676-585,Rua Dragão
Capricórnio I,11676-590,Rua do Corvo
Capricórnio I,11676-595,Rua Serpentário
Capricórnio I,11676-600,Avenida Escorpião
Capricórnio I,11676-605,Avenida Virgem
Capricórnio I,11676-610,Rua Gêmeos
Capricórnio I,11676-645,Avenida Leão
Capricórnio I,11676-647,Rua Centauro
Capricórnio I,11676-650,Rua Lebre
Capricórnio I,11676-655,Rua Lobo
Capricórnio I,11676-660,Rua Orion
Capricórnio I,11676-665,Rua Perseu
Capricórnio I,11676-670,Rua Castro
Capricórnio II,11676-436,Rua Um
Capricórnio II,11676-439,Rua Dois
Capricórnio II,11676-500,Rua Cinco
Capricórnio II,11676-502,Rua Seis
Capricórnio II,11676-503,Rua Quatorze
Capricórnio II,11676-504,Rua Onze
Capricórnio II,11676-505,Rua Oito
Capricórnio II,11676-509,Rua Nove
Capricórnio II,11676-561,Rua Dez
Capricórnio II,11676-564,Rua Doze
Capricórnio II,11676-601,Rua Quinze
Capricórnio II,11676-604,Rua Dezesseis
Capricórnio III,11676-691,Rua José Garcia da Fonseca
Capricórnio III,11676-692,Rua Dois
Capricórnio III,11676-693,Rua Benedita Rozalina dos Santos
Capricórnio III,11676-694,Rua Quatro
Capricórnio III,11676-695,Rua Esquerda
Capricórnio III,11676-696,Rua Cinco
Capricórnio III,11676-697,Rua Seis
Capricórnio III,11676-698,Avenida Marginal Direita
Capricórnio III,11676-699,Rua Sete
Caputera,11660-410,Rua Benedito Zacarias Nepomuceno
Caputera,11660-411,Rua Irmã São Francisco
Caputera,11660-420,Rua das Marrequinhas
Caputera,11660-430,Rua Pedro Lippi
Caputera,11660-435,Rua João de Souza Matos
Caputera,11660-440,Rua Tertuliano Fogaça
Caputera,11660-445,Rua Manoel Nunes de Souza
Caputera,11660-451,Rua Seis
Caputera,11660-452,Rua Sete
Caputera,11660-453,Rua Cinco
Caputera,11660-454,Rua João de Paulo Amaral
Caputera,11660-455,Rua Albertino Baptista
Caputera,11660-456,Rua Oito
Caputera,11660-458,Rua Thainá Helena Amaral
Caputera,11660-459,Rua Quatro
Caputera,11660-475,Rua Aléssio Bulgarelli
Caputera,11660-480,Rua Primeiro de Maio
Caputera,11660-485,Rua Tenente Francisco Ribeiro do Nascimento
Caputera,11660-490,Rua Antônio José Duarte
Caputera,11660-500,Travessa Benedito da Silva Fogaça
Caputera,11660-501,Travessa João da Silva Fogaça
Caputera,11660-505,Rua João Pessoa
Caputera,11660-510,Praça Domingos Della Mônica Barbosa
Caputera,11660-520,Largo Estrela Dalva
Caputera,11660-530,Rua Independência
Caputera,11660-551,Travessa Carlos Geuder
Caputera,11660-560,Rua Treze de Maio
Caputera,11660-565,Travessa Sebastião Brito
Caputera,11660-570,Travessa Manoel Duarte
Caputera,11660-580,Travessa Sebastião Fogaça
Centro,11660-005,Avenida Arthur Costa Filho
Centro,11660-010,Avenida Anchieta
Centro,11660-015,Praça Esperanto
Centro,11660-020,Rua Altino Arantes
Centro,11660-021,Praça Walfrido Arouca
Centro,11660-030,Rua Padre Américo Virgílio Andrizzi
Centro,11660-040,Rua Ostiano Sandeville
Centro,11660-050,Rua Presidente Washington Luiz
Centro,11660-060,Praça Cândido Mota
Centro,11660-070,Rua Guarulhos
Centro,11660-080,Rua Santo Antônio
Centro,11660-090,Rua Doutor Paul Harris
Centro,11660-100,Rua São Benedito
Centro,11660-105,Praça Alfaiate José Nunes de Souza
Centro,11660-110,Rua Arcílio Alves
Centro,11660-120,Rua Nove de Julho
Centro,11660-125,Rua Benedito Felício Oliveira
Centro,11660-130,Rua Sebastião Mariano Nepomuceno
Centro,11660-140,Travessa Cid Galvão
Centro,11660-150,Rua Santa Cruz
Centro,11660-160,Rua José Damazo dos Santos
Centro,11660-170,Praça Doutor Diógenes Ribeiro de Lima
Centro,11660-175,Travessa Olegário Nardi
Centro,11660-180,Rua Ivan Micheletto Rossi
Centro,11660-185,Travessa Pereira Barreto
Centro,11660-190,Rua Bonifácio de Freitas
Centro,11660-200,Rua Engenheiro João Fonseca
Centro,11660-210,Travessa Doutor Costa Neto
Centro,11660-220,Rua Major Ayres
Centro,11660-230,Rua Teotino Tibiriçá Pimenta
Cidade Jardim,11664-000,Avenida Alcídes de Castro Galvão
Cidade Jardim,11664-010,Avenida Marginal
Cidade Jardim,11664-020,Alameda do Álamo
Cidade Jardim,11664-040,Alameda dos Pinheiros
Cidade Jardim,11664-050,Alameda das Palmeiras
Cidade Jardim,11664-060,Alameda dos Ciprestes
Cidade Jardim,11664-070,Alameda das Seringueiras
Cidade Jardim,11664-080,Praça Guaxinduba
Cidade Jardim,11664-090,Alameda dos Carvalhos
Cidade Jardim,11664-100,Avenida José Amador Galvão
Cidade Jardim,11664-110,Praça dos Tamoios
Cidade Jardim,11664-120,Alameda das Paineiras
Cidade Jardim,11664-130,Alameda dos Eucaliptos
Cidade Jardim,11664-140,Praça Pau Brasil
Cidade Jardim,11664-150,Alameda Cidade Jardim
Cidade Jardim,11664-160,Alameda dos Cedros do Líbano
Cidade Jardim,11664-161,Alameda das Tamargueiras
Cidade Jardim,11664-170,Alameda das Faias
Cidade Jardim,11664-180,Alameda dos Salgueiros
Cidade Jardim,11664-190,Alameda das Cerejeiras
Cidade Jardim,11664-200,Alameda das Amendoeiras
Cidade Jardim,11664-210,Alameda dos Pessegueiros
Cidade Jardim,11664-220,Alameda dos Castanheiros
Cidade Jardim,11664-230,Alameda das Tamareiras
Cidade Jardim,11664-240,Alameda das Laranjeiras
Cidade Jardim,11664-250,Alameda das Figueiras
Cidade Jardim,11664-260,Rua Antônio Gonçalves Dias
Cidade Jardim,11664-270,Rua dos Ipês
Cidade Jardim,11664-280,Alameda Roque da Costa Barreto
Condomínio Amorim,11677-072,Travessa Josefina de Oliveira
Costa Nova,11678-120,Rua Um
Costa Nova,11678-122,Rua Dois
Costa Nova,11678-124,Rua Marginal Quatro
Costa Nova,11678-126,Rua Cinco
Costa Nova,11678-128,Avenida Seis
Costa Nova,11678-130,Rua Sete
Costa Nova,11678-132,Rua Oito
Costa Nova,11678-134,Rua Nove
Costa Nova,11678-135,Rua Dez
Costa Nova,11678-136,Rua Onze
Costa Nova,11678-137,Rua Doze
Costa Nova,11678-138,Rua Treze
Costa Nova,11678-140,Rua Quatorze
Costa Nova,11678-142,Rua Quinze
Costa Nova,11678-144,Rua Dezesseis
Costa Nova,11678-146,Rua Dezessete
Costa Nova,11678-148,Rua Dezoito
Costa Nova,11678-150,Rua Dezenove
Costa Nova,11678-152,Rua Vinte
Delfim Verde,11676-420,Rua Tubarão
Delfim Verde,11676-425,Rua Raia
Delfim Verde,11676-615,Rua Delfim
Delfim Verde,11676-616,Rua Francisco Raimundo
Delfim Verde,11676-620,Travessa Naval
Delfim Verde,11676-625,Travessa Golfinho
Delfim Verde,11676-635,Rua Cavalo-Marinho
Delfim Verde,11676-640,Rua Corvina
Delfim Verde,11676-675,Praça Estrela-do-Mar
Delfim Verde,11676-680,Alameda dos Cações
Delfim Verde,11676-690,Avenida Beira-Mar
Estância Balneária Hawai,11677-010,Rua Rio Paraná
Estância Balneária Hawai,11677-011,Rua Rio São Francisco
Estância Balneária Hawai,11677-020,Rua Kunio Nishi
Estância Balneária Hawai,11677-021,Rua Tocantins
Estância Balneária Hawai,11677-561,Rua Xingu
Estância Balneária Hawai,11677-562,Rua Tapajós
Estância Balneária Hawai,11677-563,Rua Araguaia
Estância Balneária Hawai,11677-564,Rua Rio Negro
Estância Balneária Hawai,11677-565,Rua Japura
Estância Balneária Hawai,11677-566,Rua Madeira
Getuba,11676-050,Rua Vinte e Dois
Getuba,11676-290,Rua Candido Portinari
Getuba,11676-291,Rodovia Caraguá Ubatuba
Getuba,11676-346,Rua Dom Antinio Luiz de Souza
Indaiá,11665-000,Avenida Prefeito Geraldo Nogueira da Silva
Indaiá,11665-010,Avenida São Paulo
Indaiá,11665-020,Avenida Minas Gerais
Indaiá,11665-030,Avenida Rio Grande do Sul
Indaiá,11665-040,Avenida Paraná
Indaiá,11665-050,Avenida Rio de Janeiro
Indaiá,11665-070,Avenida Pernambuco
Indaiá,11665-071,Avenida Bahia
Indaiá,11665-080,Avenida Amazonas
Indaiá,11665-090,Avenida Guaporé
Indaiá,11665-100,Rua Vereador Antônio Cruz Arouca
Indaiá,11665-110,Avenida Ceará
Indaiá,11665-120,Avenida Goiás
Indaiá,11665-130,Rua Irineu Meirelles
Indaiá,11665-140,Rua Guilherme Fernandes Costa
Indaiá,11665-150,Avenida Vereador Aristides Anizio dos Santos
Indaiá,11665-151,Avenida Vereador Aristides Anizio dos Santos
Indaiá,11665-160,Avenida Alagoas
Indaiá,11665-170,Rua Chiquinha de Araújo
Indaiá,11665-180,Rua José Antônio da Silva
Indaiá,11665-190,Avenida Sergipe
Indaiá,11665-191,Avenida Sergipe
Indaiá,11665-200,Rua Benedito Freitas Ramos
Indaiá,11665-210,Rua Expedicionário Novarino Leite Santos
Indaiá,11665-220,Avenida Carlos de Almeida Rodrigues
Indaiá,11665-221,Avenida Carlos de Almeida Rodrigues
Indaiá,11665-230,Rua Doutor Pérsio Brasil Arruda
Indaiá,11665-240,Rua Pedro Guilherme Waack
Indaiá,11665-250,Avenida Mato Grosso
Indaiá,11665-251,Avenida Mato Grosso
Ipiranga,11661-160,Rua Sebastião Nepomuceno
Ipiranga,11661-161,Praça Benedito Joaquim Nascimento
Ipiranga,11661-162,Praça Senador César Vergueiro
Ipiranga,11661-170,Rua Levy Aniceto de Souza
Ipiranga,11661-180,Rua Antônio Zenko Filho
Ipiranga,11661-190,Rua Francisco Samuel Nepomuceno
Ipiranga,11661-580,Rua Sebastião Izidoro
Jaraguá,11667-826,Rua Reijiro Nasu
Jaraguá,11668-000,Avenida José da Costa Pinheiro Júnior
Jaraguá,11668-020,Rua Itororós
Jaraguá,11668-030,Rua Ovídio Paulino Ferreira
Jaraguá,11668-040,Rua Izidro Paulino Ferreira
Jaraguá,11668-042,Travessa Izidro Paulino Ferreira
Jaraguá,11668-050,Rua Januário Paulino Ferreira
Jaraguá,11668-070,Rua Elisário Antônio de Souza
Jaraguá,11668-080,Travessa São Joaquim
Jaraguá,11668-090,Rua Joaquim Roque
Jaraguá,11668-102,Travessa Quatro
Jaraguá,11668-105,Rua Carregador da Enseada
Jaraguá,11668-120,Rua Santa Rosa
Jaraguá,11668-125,Rua Quatro
Jaraguá,11668-130,Rua Emílio Marcondes Ribas
Jaraguá,11668-136,Travessa Erick Cardoso Fernandes da Silva
Jaraguá,11668-137,Travessa C
Jaraguá,11668-138,Travessa D
Jaraguá,11668-140,Rua Joaquim Antunes dos Santos
Jaraguá,11668-141,Rua Jânio da Silva Quadros
Jaraguá,11668-142,Rua Carlos Faria Alvarenga
Jaraguá,11668-145,Rua Dezessete de Abril
Jaraguá,11668-155,Rua Sete de Setembro
Jaraguá,11668-160,Rua Vinte e Um de Abril
Jaraguá,11668-165,Rua Formosa
Jaraguá,11668-166,Rua São Manoel
Jaraguá,11668-168,Travessa Cinco
Jaraguá,11668-170,Rua Antônio Souza dos Santos
Jaraguá,11668-180,Rua Princesa Isabel
Jaraguá,11668-185,Travessa João Francisco dos Santos
Jaraguazinho,11675-000,Avenida Presidente Campos Salles
Jaraguazinho,11675-010,Praça Primeiro Centenário
Jaraguazinho,11675-020,Rua Antônio José Duarte
Jaraguazinho,11675-035,Rua Sebastiana Maria Conceição Silva
Jaraguazinho,11675-040,Travessa Manoel Duarte
Jaraguazinho,11675-060,Rua Rio Branco
Jaraguazinho,11675-070,Rua E
Jaraguazinho,11675-080,Rua Benedito Cardoso
Jaraguazinho,11675-090,Avenida Dois
Jaraguazinho,11675-100,Rua I
Jaraguazinho,11675-120,Rua Paulina Macedo Nardi
Jaraguazinho,11675-140,Rua Renato da Silva Freire
Jaraguazinho,11675-160,Rua João Souza
Jaraguazinho,11675-182,Praça das Crianças
Jaraguazinho,11675-200,Praça Jorge Vitório de Souza
Jaraguazinho,11675-250,Rodovia dos Tamoios
Jaraguazinho,11675-255,Largo Abel Batistucci
Jaraguazinho,11675-300,Rua Oziel Egídio de Faria
Jaraguazinho,11675-305,Rua Benedito Silvério Santana
Jaraguazinho,11675-310,Rua Armando Mossabein
Jaraguazinho,11675-320,Rua Cezar Augusto de Camargo
Jaraguazinho,11675-330,Travessa Cezar Augusto de Camargo
Jaraguazinho,11675-340,Rua Antônio Fida
Jaraguazinho,11675-350,Rua Carmínio Peixoto
Jaraguazinho,11675-360,Rua Antônio Hermenegildo de Macedo
Jaraguazinho,11675-380,Rua Joaquim Roque
Jaraguazinho,11675-390,Rua Odair Santana
Jaraguazinho,11675-400,Rua Francisca Alves da Conceição
Jaraguazinho,11675-401,Rua Benedito Laurindo de Oliveira
Jaraguazinho,11675-410,Rua Fernando Hiroshi Nakamura
Jardim Adalgisa,11677-520,Rua Bolívia
Jardim Adalgisa,11677-530,Rua Chile
Jardim Adalgisa,11677-540,Rua Colômbia
Jardim Adalgisa,11677-541,Rua Ana Leandro do Prado
Jardim Adalgisa,11677-550,Avenida João Gonçalves Santana
Jardim Adalgisa,11677-560,Rua Paraguai
Jardim Adalgisa,11677-570,Rua Uruguai
Jardim Adalgisa,11677-580,Rua Venezuela
Jardim Arouca,11660-550,Rua Benedito Cruz Arouca
Jardim Bandeirantes,11675-691,Rua Ronival Andrade de Camargo
Jardim Bandeirantes,11675-692,Travessa Três da Rua Francisco Ribeiro
Jardim Bandeirantes,11675-693,Travessa Francisco Ribeiro
Jardim Bandeirantes,11675-695,Rua Soldado Leonidas de Almeida Santos
Jardim Baptista,11660-621,Rua João Batista do Nascimento Filho
Jardim Bela Vista,11662-600,Avenida Vítor Meirelles
Jardim Brasil,11667-110,Alameda Francisco Álvaro Bueno de Paiva
Jardim Brasil,11667-114,Rua Cruzeiro do Sul
Jardim Brasil,11667-140,Rua Antonio Sequeira de Almeida
Jardim Brasil,11667-143,Rua Urbano Santos da Costa Araújo
Jardim Brasil,11667-150,Alameda Pará
Jardim Brasil,11667-160,Rua Braz Ricardo Santana
Jardim Brasil,11667-164,Rua Dom Jorge Mascarenhas
Jardim Brasil,11667-180,Rua Lourenço da Veiga
Jardim Brasil,11667-200,Alameda Pedro Araújo Lima
Jardim Brasil,11667-210,Alameda Fernando de Melo Viana
Jardim Brasil,11667-250,Avenida Cristóvão de Barros
Jardim Brasil,11667-255,Praça Engenheiro Marino Parolari
Jardim Brasil,11667-260,Alameda Manoel Telles Barreto
Jardim Brasil,11667-270,Alameda Cosme Rangel
Jardim Brasil,11667-280,Rua Dom Pedro da Silva
Jardim Brasil,11667-290,Alameda Ana Maria de Jesus Ribeiro
Jardim Brasil,11667-300,Alameda Francisco de Assis Rosa Silva
Jardim Brasil,11667-310,Alameda José Francesconi
Jardim Brasil,11667-320,Travessa Américo Calandrelli
Jardim Brasil,11667-355,Alameda Estácio de Alburquerque Coimbra
Jardim Brasil,11667-375,Rua Luiz Brito de Almeida
Jardim Brasil,11667-715,Alameda Antônio Luiz Gonçalves da Câmara Coutinho
Jardim Brasil,11667-725,Alameda Diogo Botelho
Jardim Brasil,11667-730,Avenida Casemiro José Marques de Abreu
Jardim Brasil,11667-800,Rua Jaime Herculano
Jardim Britânia,11666-000,Avenida José Herculano
Jardim Britânia,11666-010,Rua Três
Jardim Britânia,11666-020,Rua Dois
Jardim Britânia,11666-030,Rua Um
Jardim Britânia,11666-050,Avenida Miramar
Jardim Britânia,11666-051,Avenida Ivo Gonçalves Relva
Jardim Britânia,11666-055,Praça Sílvio Zuliane
Jardim Britânia,11666-060,Rua Cinco
Jardim Britânia,11666-070,Rua Dez
Jardim Britânia,11666-080,Rua Nove
Jardim Britânia,11666-090,Rua Enilda Mantovani Silva
Jardim Britânia,11666-100,Rua Ademar Martins
Jardim Britânia,11666-120,Rua Jose D'Almeida Barbosa
Jardim Britânia,11666-130,Rua Ruy Dias Penna
Jardim Britânia,11666-140,Rua Maria Pedrina Pimenta
Jardim Britânia,11666-150,Rua Seis
Jardim Britânia,11666-160,Rua Milton Ricardo Santana
Jardim Britânia,11666-170,Rua Quinze
Jardim Britânia,11666-180,Rua Waldomiro Passos
Jardim Britânia,11666-190,Rua Joanna Medeiros do Rosário
Jardim Britânia,11666-200,Rua Priscila Mamede de Souza
Jardim Britânia,11666-201,Rua Benedito Duarte
Jardim Britânia,11666-210,Rua Vinte
Jardim Britânia,11666-220,Rua Vinte e Um
Jardim Britânia,11666-230,Rua Walter Rodrigues de Andrade Netto
Jardim Britânia,11666-240,Avenida Dez
Jardim Britânia,11666-300,Rua Piracicaba
Jardim Britânia,11666-305,Avenida Antônio do Rego
Jardim Califórnia,11660-494,Rua Derval Teixeira
Jardim Califórnia,11660-495,Rua Grigore Tripac
Jardim Califórnia,11660-496,Rua Manoel Amaral
Jardim Califórnia,11660-497,Rua Alcides Alves Pereira
Jardim Califórnia,11660-498,Rua Luiza Brito Amaral
Jardim Califórnia,11660-499,Rua Antonio Ferreira da Silva Sobrinho
Jardim Califórnia,11660-515,Rua Jorge Willi Filho
Jardim Califórnia,11660-525,Rua Luiza Fernandes Moreira
Jardim Capricórnio,11676-413,Rua Sagitário
Jardim Capricórnio,11676-630,Alameda dos Alecrins
Jardim Capricórnio,11676-685,Travessa Boto
Jardim Capricórnio,11676-700,Rua Antônio Francisco Silva Sobrinho
Jardim Capricórnio,11676-710,Rua Maria do Espírito Santo Lippi
Jardim Capricórnio,11676-715,Rua Otoniel Macedo
Jardim Capricórnio,11676-720,Rua Jorge Passos
Jardim Capricórnio,11676-725,Rua Caceopéia
Jardim Casa Branca,11663-000,Rua Antônio Henrique de Mesquita
Jardim Casa Branca,11663-001,Rua Quatro
Jardim Casa Branca,11663-002,Rua Cinco
Jardim Casa Branca,11663-003,Rua Seis
Jardim Casa Branca,11663-004,Rua Dez
Jardim Casa Branca,11663-005,Rua Amauri Lemes da Costa
Jardim Casa Branca,11663-006,Rua Um
Jardim Casa Branca,11663-007,Rua Dois
Jardim Casa Branca,11663-008,Avenida Emiliano Campedelli
Jardim Casa Branca,11663-009,Rua Rafael Nunes de Pinho
Jardim Casa Branca,11663-010,Rua Onze
Jardim Casa Branca,11663-011,Rua Sete
Jardim Casa Branca,11663-015,Rua Oito
Jardim Casa Branca,11663-020,Rua Manoel Vicente dos Santos
Jardim Casa Branca,11663-025,Rua Antônio Viliano dos Santos
Jardim Casa Branca,11663-030,Rua Três
Jardim Casa Branca,11663-035,Rua Benedito Antônio Oliveira Barbosa
Jardim Casa Branca,11663-040,Rua Marcelino de Lima
Jardim Casa Branca,11663-045,Rua Pedro Oliveira Barbosa
Jardim Casa Branca,11663-050,Rua Benedito Roque dos Santos
Jardim Casa Branca,11663-060,Rua Sete de Setembro
Jardim Casa Branca,11663-080,Rua Jasmim
Jardim Casa Branca,11663-090,Rua Margarida
Jardim Casa Branca,11663-100,Avenida Casa Branca
Jardim Casa Branca,11663-110,Rua Hortência
Jardim Casa Branca,11663-120,Rua Violeta
Jardim Casa Branca,11663-130,Rua Brejaúba
Jardim Casa Branca,11663-140,Rua Cabreúva
Jardim Casa Branca,11663-150,Travessa Imbé
Jardim Casa Branca,11663-160,Rua Dom Francisco de Moura Rolim
Jardim das Flecheiras,11667-380,Avenida Itamar Hart Abubakir
Jardim das Flecheiras,11667-390,Avenida Renato Fida
Jardim das Flecheiras,11667-705,Travessa João Soares Pires
Jardim das Gaivotas,11673-400,Avenida Garça
Jardim das Gaivotas,11673-410,Rua Rouxinol
Jardim das Gaivotas,11673-420,Rua das Andorinhas
Jardim das Gaivotas,11673-430,Rua Colerinha
Jardim das Gaivotas,11673-440,Rua das Gaivota
Jardim das Gaivotas,11673-450,Rua Uirapuru
Jardim das Gaivotas,11673-460,Avenida Cardeal
Jardim das Gaivotas,11673-470,Rua Falcão
Jardim das Gaivotas,11673-480,Rua Pica-Pau
Jardim das Gaivotas,11673-481,Rua Cotovia
Jardim das Gaivotas,11673-482,Travessa Pica-Pau
Jardim das Gaivotas,11673-490,Rua Cambacica
Jardim das Gaivotas,11673-500,Rua Pixoxó
Jardim das Gaivotas,11673-505,Rua Tuím
Jardim das Gaivotas,11673-510,Rua Arapongas
Jardim das Gaivotas,11673-520,Avenida Tucano
Jardim das Gaivotas,11673-530,Rua Araras
Jardim das Gaivotas,11673-540,Rua Beija-Flor
Jardim das Gaivotas,11673-550,Rua Bico de Lacre
Jardim das Gaivotas,11673-560,Rua Gavião
Jardim das Gaivotas,11673-561,Rua Pavão de Ouro
Jardim das Gaivotas,11673-562,Rua Saíra
Jardim das Gaivotas,11673-570,Rua Pássaro Preto
Jardim das Gaivotas,11673-580,Rua Tico-Tico
Jardim das Gaivotas,11673-585,Rua Antônio Francisco da Costa Lisboa
Jardim das Gaivotas III,11673-586,Avenida Paulo Salamene
Jardim de Caraguatatuba,11677-885,Rua Ivanil de Oliveira Soares
Jardim do Sol,11677-031,Rua Cezar Corrêa Amarantes
Jardim do Sol,11677-032,Rua Quatorze
Jardim do Sol,11677-291,Rua Elisa Fernanda Maciel
Jardim do Sol,11677-390,Rua Victor Augusto Mesquita
Jardim do Sol,11677-395,Rua Antônio de Lucca
Jardim do Sol,11677-589,Rua Irmã Dulce
Jardim do Sol,11677-591,Rua Vinte e Nove
Jardim do Sol,11677-592,Rua Vinte e Sete
Jardim do Sol,11677-593,Rua Trinta
Jardim do Sol,11677-594,Rua Vinte
Jardim do Sol,11677-595,Rua Urias de Oliveira Macedo
Jardim do Sol,11677-596,Rua Dezoito
Jardim do Sol,11677-597,Rua Diego Bordezan
Jardim do Sol,11677-598,Rua Dezesseis
Jardim do Sol,11677-599,Rua Três
Jardim do Sol,11677-601,Rua Jair Dotta
Jardim do Sol,11677-602,Rua Professora Antonia Carlota Gomes
Jardim do Sol,11677-603,Rua Virgílio Colbert Barone
Jardim do Sol,11677-604,Rua Vinte e Cinco
Jardim do Sol,11677-605,Rua Wenceslau Castro Landeira
Jardim do Sol,11677-606,Rua Trinta e Quatro
Jardim do Sol,11677-607,Rua Tetsuo Watanabe
Jardim do Sol,11677-608,Rua Herik Maik Onofre
Jardim do Sol,11677-609,Rua Vinte e Três
Jardim dos Sindicatos,11667-381,Rua Antônio Rosa Botelho
Jardim dos Sindicatos,11667-420,Rua Jayme Gomes Passos
Jardim dos Sindicatos,11667-421,Rua Duílio Frugoli da Cruz
Jardim dos Sindicatos,11667-422,Rua Maria da Conceição Antero dos Santos
Jardim dos Sindicatos,11667-423,Rua Benedicto Pereira
Jardim dos Sindicatos,11667-424,Rua Quatro
Jardim dos Sindicatos,11667-450,Rua Sinésio Vitório Paes
Jardim dos Sindicatos,11667-470,Rua José Pereira da Silva
Jardim dos Sindicatos,11667-500,Avenida José Cândido Capelli
Jardim dos Sindicatos,11667-501,Rua Benedita dos Santos Oliveira
Jardim dos Sindicatos,11667-650,Rua Valdomiro Evangelista Pinto
Jardim dos Sindicatos,11667-812,Praça de Estudante
Jardim Estrela D¿Alva,11660-450,Rua Antônio Nardi
Jardim Estrela D¿Alva,11660-460,Rua João Vicente de Morais
Jardim Estrela D¿Alva,11660-465,Rua Aldair José dos Santos
Jardim Estrela D¿Alva,11660-470,Rua Pedro Galdino dos Santos
Jardim Estrela D¿Alva,11660-600,Rua João Marcelo
Jardim Flor do Mar,11667-570,Rua Antônio Félix Pimenta
Jardim Flor do Mar,11667-580,Rua José Ferrari
Jardim Flor do Mar,11667-590,Rua Ponciano Valentim Correia
Jardim Flor do Mar,11667-765,Rua Heitor Ferrari
Jardim Guaxinduba,11662-545,Rua Leonor de Morais Lyria
Jardim Horto,11675-565,Rua Benedita Maria das Dores
Jardim Horto,11675-566,Rua Joel Colber
Jardim Horto,11675-640,Rua Ester Colber
Jardim Horto,11675-641,Rua Quatro
Jardim Horto,11675-642,Rua D
Jardim Horto,11675-643,Travessa Um
Jardim Horto,11675-650,Travessa Rio do Ouro
Jardim Itamar,11662-046,Rua Alexandre Barbosa de Souza
Jardim Itamar,11662-047,Rua Maria D'Assumpção Carvalho
Jardim Itaúna,11674-411,Rua José Benedito da Silva
Jardim Itaúna,11674-415,Rua Afonso Batista dos Santos
Jardim Itaúna,11674-416,Rua Furtado Fortunato
Jardim Itaúna,11674-570,Rua Hermínia Vicente dos Santos
Jardim Itaúna,11674-580,Rua Antônio Vitoriano Castilho
Jardim Itaúna,11674-591,Rua Altamir Tibiriçá Pimenta
Jardim Jaqueira,11674-210,Rua Primeiro Centenário
Jardim Jaqueira,11674-215,Praça Doutor Antônio Jorge Martins
Jardim Jaqueira,11674-220,Rua Antônio Valente
Jardim Jaqueira,11674-230,Rua Plínio Passos
Jardim Jaqueira,11674-240,Rua Particular Um
Jardim Jaqueira,11674-250,Rua Dona Tereza Tenório Duarte
Jardim Jaqueira,11674-260,Rua Maria de Lourdes Lucarelli Perez
Jardim Jaqueira,11674-270,Rua Edson Rodrigues
Jardim Jaqueira,11674-280,Rua Antônio Corrêa da Silva
Jardim Jaqueira,11674-290,Rua Guilherme Ribeiro de Faria
Jardim Jaqueira,11674-300,Rua Francisco José da Silva
Jardim Jaqueira,11674-310,Rua Antonio José da Silva
Jardim Jaqueira,11674-320,Rua Geraldo Gomes Leite
Jardim Jaqueira,11674-330,Rua Núbia Lopes dos Santos
Jardim Jaqueira,11674-340,Avenida Alice de Souza Capelli
Jardim Jaqueira,11674-350,Praça Moacir Frugoli dos Santos
Jardim Jaqueira,11674-351,Rua Celeste Sant' Ana de Barros
Jardim Jaqueira,11674-355,Rua Gonçalo Pacheco
Jardim Jaqueira,11674-360,Rua Maria Cândida D' Onofrio Corrêa
Jardim Jaqueira,11674-365,Rua Jorge Burihan
Jardim Jaqueira,11674-370,Rua Francisco Antônio Macedo
Jardim Jaqueira,11674-375,Praça Laurival de Oliveira
Jardim Jaqueira,11674-380,Rua Dolores Machado de Castro
Jardim Jaqueira,11674-385,Rua Monteiro Júnior
Jardim Jaqueira,11674-390,Rua Herondino do Nascimento
Jardim Jaqueira,11674-399,Praça Benedito Carlos Brience
Jardim Jaqueira,11674-400,Rua Higino Martins
Jardim Jaraguá,11669-100,Rua Jacupiranga
Jardim Jaraguá,11669-110,Rua Iguape
Jardim Jaraguá,11669-130,Rua Bertioga
Jardim Jaraguá,11669-140,Rua São Vicente
Jardim Jaraguá,11669-150,Rua Santos
Jardim Joamar,11671-250,Rua Antônio dos Santos
Jardim Joamar,11671-260,Avenida Geraldo Lopes
Jardim Jorgin Mar,11668-111,Rua Olimpia Inacia de Morais
Jardim Jorgin Mar,11668-112,Rua Pastor Braulio Gonçalves
Jardim Jorgin Mar,11668-131,Rua Jorgina Elias da Silva
Jardim Jorgin Mar,11668-144,Rua Wagner Ramos dos Santos
Jardim Manari,11668-670,Rua Joviniano Vasconcelos
Jardim Manari,11668-671,Rua Maré Alta
Jardim Manari,11668-673,Rua dos Marinheiros
Jardim Manari,11668-675,Rua da Paz
Jardim Manari,11668-677,Rua Porto Seguro
Jardim Mariella,11677-865,Avenida Gercina Luna Ferraz
Jardim Mariella,11677-867,Rua Sebastião Bugolin
Jardim Mariella,11677-870,Rua João Levy Navarro
Jardim Mariella,11677-873,Rua D
Jardim Mariella,11677-876,Avenida Um
Jardim Mariella,11677-879,Rua Judith Guagliano Navarro
Jardim Maristela,11665-555,Rua Manoel Calixto de Souza
Jardim Maristela,11673-010,Rua Jorge Leite Vieira
Jardim Maristela,11673-013,Rua Sebastião Custódio Dias
Jardim Maristela,11673-020,Rua João Kemp
Jardim Maristela,11673-021,Travessa Odete Machado Pinto
Jardim Maristela,11673-030,Rua Benedito Tenório Santos
Jardim Maristela,11674-510,Rua José Benedetti
Jardim Maristela,11674-588,Rua Odette Machado Pinto
Jardim Maristela,11674-589,Rua Cláudio Maeda
Jardim Maristela,11674-825,Rua João Jacinto da Silva
Jardim Miramar,11667-400,Rua Benedito Messias
Jardim Miramar,11667-402,Rua Luciano Carrera Lopes
Jardim Miramar,11667-430,Rua Paulo Ferreira
Jardim Nomar,11666-275,Rua Doutor João Prado
Jardim Nomar,11666-515,Rua Antenor Carrijo
Jardim Nomar,11666-520,Avenida Duque de Caxias
Jardim Nomar,11666-530,Rua Aldo Marcucci
Jardim Nomar,11666-540,Rua Domingos Greca
Jardim Nomar,11666-541,Rua Martino Antero dos Santos
Jardim Nomar,11666-560,Rua Riachuelo
Jardim Nomar,11666-570,Rua Antônio Perego
Jardim Nomar,11666-580,Rua Amadeu Bernardi
Jardim Nomar,11666-600,Avenida Almirante Tamandaré
Jardim Nomar,11666-720,Rua Virgílio Alves Monteiro
Jardim Nomar,11666-735,Rua Moisés Nunes de Souza
Jardim Nomar,11666-736,Rua Olegário Rodrigues de Lima
Jardim Nomar,11666-737,Rua Wilma Rodrigues de Lima
Jardim Olaria,11663-320,Rua Gérson Prado da Silva
Jardim Olaria,11663-321,Rua Vinte e Três de Março
Jardim Olaria,11663-322,Travessa Gerson do Prado da Silva
Jardim Olaria,11663-323,Viela Seis
Jardim Olaria,11663-324,Rua das Mangueiras
Jardim Olaria,11663-325,Rua Manoel Paschoal
Jardim Olaria,11663-326,Travessa das Mangueiras
Jardim Olaria,11663-330,Rua Pedro F. de Oliveira
Jardim Olaria,11663-335,Rua São Vicente
Jardim Olaria,11663-340,Rua Sebastião Carneiro
Jardim Olaria,11663-341,Travessa Sebastião Carneiro
Jardim Olaria,11663-342,Rua Rui Barbosa
Jardim Olaria,11663-345,Rua Waldomiro Cassiano
Jardim Olaria,11663-346,Travessa Benedito Roque
Jardim Olaria,11663-347,Rua Virgínia da Luz Ferreira
Jardim Olaria,11663-377,Rua Terezina
Jardim Olaria,11663-378,Rua Fuscão Preto
Jardim Olaria,11663-379,Travessa Dois
Jardim Olaria,11663-380,Avenida Marginal Ipiranga E
Jardim Olaria,11663-400,Rua Azulão
Jardim Olaria,11663-410,Rua Bonito
Jardim Olaria,11663-420,Rua Canário da Terra
Jardim Olaria,11663-430,Rua Curió
Jardim Olaria,11663-440,Rua Papa Capim
Jardim Olaria,11663-450,Avenida Sabiá Laranjeira
Jardim Olaria,11663-470,Rua Sanhaço
Jardim Olaria,11663-505,Rua Inês de Fátima
Jardim Olaria,11663-660,Rua José Pedro de Oliveira Barbosa
Jardim Olaria,11663-690,Rua Pedro Januário Leite
Jardim Olaria,11663-695,Rua Sete de Setembro
Jardim Parnaso,11667-410,Rua Amadeu Pires Pacheco
Jardim Parnaso,11667-411,Rua Três
Jardim Parnaso,11667-412,Rua Lourdes Bernadete de Salles
Jardim Parnaso,11667-440,Rua Alberto de Jesus Ferreira
Jardim Parnaso,11667-480,Rua José Paes de Oliveira
Jardim Parnaso,11667-481,Rua Dez
Jardim Parnaso,11667-482,Rua José Bernardo
Jardim Parnaso,11667-483,Rua João Fernandes Cardoso Filho
Jardim Parnaso,11667-610,Rua Eduardo Barbosa Soares
Jardim Parnaso,11667-625,Avenida Izabel Fernandes Nardi
Jardim Popular,11675-741,Rua Um
Jardim Porto Novo,11667-000,Avenida José Herculano
Jardim Porto Novo,11667-002,Avenida José Augusto dos Santos
Jardim Porto Novo,11667-003,Rua Um
Jardim Porto Novo,11667-004,Rua Dois
Jardim Porto Novo,11667-005,Rua Helena Gomes dos Santos Antero
Jardim Porto Novo,11667-006,Rua Quatro
Jardim Porto Novo,11667-007,Avenida Cândida de Souza
Jardim Porto Novo,11667-010,Rua Banco Itaú
Jardim Porto Novo,11667-015,Rua Afonso Furtado de Castro Mendonça
Jardim Porto Novo,11667-020,Rua Paulo Bento Rangel
Jardim Porto Novo,11667-030,Rua Caixa Econômica
Jardim Porto Novo,11667-040,Rua Vasco Augusto Fragoso
Jardim Porto Novo,11667-041,Travessa Vasco Augusto Fragoso
Jardim Porto Novo,11667-045,Rua Monte Sião
Jardim Porto Novo,11667-050,Rua Thomaz Moreno
Jardim Porto Novo,11667-060,Rua Placidina Ferreira dos Santos
Jardim Porto Novo,11667-070,Rua Benedito Miguel de Barros
Jardim Porto Novo,11667-080,Rua João Pimenta Cabral
Jardim Porto Novo,11667-090,Rua Santana
Jardim Porto Novo,11667-120,Avenida Casimiro de Albuquerque
Jardim Porto Novo,11667-170,Alameda Maria Sant' Ana
Jardim Porto Novo,11667-190,Alameda Guanabara
Jardim Porto Novo,11667-220,Rua Izamira Pinto Santana
Jardim Porto Novo,11667-221,Travessa Maria Felícia do Amparo Paes
Jardim Porto Novo,11667-230,Praça Isaías de Souza
Jardim Porto Novo,11667-240,Alameda Rondônia
Jardim Porto Novo,11667-241,Avenida Marginal Esquerda
Jardim Porto Novo,11667-295,Alameda Ana Maria de Silva Porto
Jardim Porto Novo,11667-330,Praça da Bandeira
Jardim Porto Novo,11667-340,Rua Marajó
Jardim Prateado,11671-469,Rua Josiane Aparecida Ramos
Jardim Primavera,11660-630,Avenida Amazonas
Jardim Primavera,11660-640,Avenida Pernambuco
Jardim Primavera,11660-650,Avenida Miguel Varlez
Jardim Primavera,11660-660,Avenida Synésio Moreira Marcondes
Jardim Primavera,11660-670,Avenida Rio de Janeiro
Jardim Primavera,11660-680,Avenida Paraná
Jardim Primavera,11660-690,Avenida Maranhão
Jardim Primavera,11660-700,Avenida Minas Gerais
Jardim Primavera,11660-705,Praça Rádio-Amador Thomaz Camanis Filho
Jardim Primavera,11660-710,Avenida Rio Grande do Sul
Jardim Primavera,11660-720,Avenida Piauí
Jardim Primavera,11660-730,Avenida Espírito Santo
Jardim Primavera,11660-740,Avenida São Paulo
Jardim Primavera,11660-750,Rua Edward Afonso Costa
Jardim Primavera,11660-760,Praça da Bíblia
Jardim Progresso,11674-670,Rua Elvira Perpétua de Santana
Jardim Progresso,11674-680,Rua Benedita Mendes de Souza
Jardim Progresso,11674-690,Rua Manoel Bartholomeu Barros
Jardim Progresso,11674-700,Rua Joaquim Manoel Antônio da Rocha
Jardim Progresso,11674-710,Rua Joaquim
Jardim Progresso,11674-720,Rua José Caetano
Jardim Progresso,11674-730,Rua Antônio José dos Santos
Jardim Progresso,11674-740,Rua Benedita Rosário do Prado
Jardim Progresso,11674-750,Rua Maria Augusta dos Anjos
Jardim Progresso,11674-760,Rua Maria Fernandes de Moura
Jardim Progresso,11674-770,Rua Benedito Antunes da Costa
Jardim Progresso,11674-771,Rua Treze
Jardim Progresso,11674-780,Rua Sebastião Pedro
Jardim Recanto,11668-200,Rua Joaquim Pereira Pardinho
Jardim Rio Claro,11669-010,Avenida Ethel Cintia de Medeiros
Jardim Rio Claro,11669-011,Rua Luiz Fernandes da Silva
Jardim Rio Santos,11675-005,Rua Vicente Orlando
Jardim Rio Santos,11675-007,Rua A
Jardim Rio Santos,11675-008,Travessa Um
Jardim Rio Santos,11675-009,Viela José Márcio Borges
Jardim Rio Santos,11675-030,Avenida José Benedito de Faria
Jardim Rio Santos,11675-110,Rua Oswaldo Pires de Almeida
Jardim Rio Santos,11675-116,Rua João Soares
Jardim Rio Santos,11675-119,Rua Braz Frugoli da Cruz
Jardim Rio Santos,11675-150,Avenida Paulino Joaquim de Lima
Jardim Rio Santos,11675-170,Rua Benedito Alves de Campos
Jardim Rio Santos,11675-175,Rua José Benedito dos Santos
Jardim Rio Santos,11675-180,Rua Leonor Carlos Silva Nascimento
Jardim Rio Santos,11675-187,Rua Anna Maria de Jesus Paula
Jardim Rio Santos,11675-188,Travessa Rio Santos
Jardim Rio Santos,11675-190,Rua Dona Suzana
Jardim Samambaia,11673-060,Rua Francisco do Carmo
Jardim Samambaia,11673-070,Rua Rogê Batista da Silva
Jardim Samambaia,11673-080,Rua Benedita Francisca Silva Gonçalves
Jardim Samambaia,11673-295,Rua Benedita Martins Cruz
Jardim Santa Rosa,11676-001,Viela Um
Jardim Santa Rosa,11676-003,Rua Dois
Jardim Santa Rosa,11676-005,Rua Três
Jardim Santa Rosa,11676-007,Rua Quatro
Jardim Santa Rosa,11676-009,Rua Cinco
Jardim Santa Rosa,11676-081,Rua Nove
Jardim Santa Rosa,11676-085,Rua João Alves dos Santos
Jardim São Sebastião,11669-060,Rua Pirajuí
Jardim São Sebastião,11669-080,Rua Mongaguá
Jardim Saveiros,11672-332,Avenida Claydmar Cristina Duarte Alves
Jardim Saveiros,11672-334,Rua Manoel Viana Papudo
Jardim Tarumãs,11669-181,Rua Maria Ferreira dos Santos
Jardim Tarumãs,11669-182,Rua Dois
Jardim Tarumãs,11669-183,Rua Deuteronômio
Jardim Tarumãs,11669-184,Rua Êxodo
Jardim Tarumãs,11669-185,Rua Nove
Jardim Tarumãs,11669-186,Rua Dez
Jardim Tarumãs,11669-187,Rua Habacuque
Jardim Tarumãs,11669-188,Rua Doze
Jardim Tarumãs,11669-189,Rua Treze
Jardim Tarumãs,11669-190,Rua Quatorze
Jardim Tarumãs,11669-191,Rua Quinze
Jardim Tarumãs,11669-192,Rua Dezesseis
Jardim Tarumãs,11669-193,Rua Dezessete
Jardim Tarumãs,11669-194,Rua Dezoito
Jardim Tarumãs,11669-195,Rua Dezenove
Jardim Tarumãs,11669-196,Rua Vinte
Jardim Tarumãs,11669-197,Travessa Três
Jardim Tarumãs,11669-198,Travessa Êxodo
Jardim Tarumãs,11669-199,Avenida Antonio Idalino dos Santos
Jardim Tarumãs,11669-292,Avenida Benjamin Arantes Silva Júnior
Jardim Tarumãs,11669-303,Rua Três
Jardim Tarumãs,11669-304,Rua Eclesiastes
Jardim Tarumãs,11669-305,Rua Levítico
Jardim Tarumãs,11669-306,Rua Gênesis
Jardim Tarumãs,11669-311,Avenida Marginal Esquerda
Jardim Tarumãs,11669-312,Travessa Hebreus
Jardim Tarumãs,11669-313,Travessa Crônicas
Jardim Tarumãs,11669-314,Travessa Filipenses
Jardim Tarumãs,11669-315,Rua Apocalipse
Jardim Terralão,11663-235,Praça Benedicto Fachini
Jardim Terralão,11663-411,Rua Benedito Cruz de Moura
Jardim Terralão,11663-421,Rua Benedito Izidoro de Moura
Jardim Terralão,11663-460,Rua Saíra
Jardim Terralão,11663-480,Rua Benedita Cruz de Moura
Loteamento Altamir Tibiriça Pimenta,11663-170,Rua Benedito Antônio Moreira
Loteamento Altamir Tibiriça Pimenta,11663-180,Rua Francisco Morgado
Loteamento Altamir Tibiriça Pimenta,11663-190,Rua Manoel de Castro Bouvim
Loteamento Balneário Camburi,11661-575,Rua Adaly Coelho Passos
Loteamento Balneário Camburi,11661-576,Rua Serra Negra
Loteamento Balneário Camburi,11661-585,Rua Águas de Lindóia
Loteamento Balneário Camburi,11661-620,Rua José Vieira da Mota
Loteamento Balneário Camburi,11661-630,Rua Ibirá
Loteamento Balneário Camburi,11661-640,Rua Águas de São Pedro
Loteamento Balneário Camburi,11661-650,Rua Águas da Prata
Loteamento Balneário Camburi,11661-670,Rua Atibaia
Loteamento Balneário Camburi,11661-680,Rua Amparo
Loteamento Balneário Camburi,11661-700,Rua Benedito Jorge
Loteamento Balneário Camburi,11661-710,Rua Pedro Carvalho
Loteamento Balneário Camburi,11661-730,Rua Doutor Antonio Roberto Almeida
Loteamento Balneário Camburi,11661-740,Rua Lindóia
Loteamento Balneário Camburi,11661-750,Rua Benedito Vicente Santos
Loteamento Balneário Camburi,11661-760,Rua Doutor Alberto da Silva Ramos
Loteamento Balneário Massaguaçu,11677-881,Rua Maria das Dores Veloso de Medeiros
Loteamento Balneário Massaguaçu,11677-882,Rua Seis
Loteamento Balneário Massaguaçu,11677-883,Rua Sete
Loteamento Balneário Massaguaçu,11677-884,Rua Oito
Loteamento Balneário Rio do Mar,11668-192,Rua Pedro Caetano do Amaral
Loteamento Bosque dos Guanandis,11669-170,Rua Guilherme Gomes de Carvalho
Loteamento Bosque dos Guanandis,11669-291,Rua Joaquim Ramos
Loteamento Bosque dos Guanandis,11669-293,Rua Renan Moreira Orizo
Loteamento Bosque dos Guanandis,11669-294,Rua Rogério Silva Pinto
Loteamento Bosque dos Guanandis,11669-295,Rua Clara de Carlos Freitas
Loteamento Bosque dos Guanandis,11669-296,Rua Roberto Ramos das Mercês
Loteamento Estância Mirante de Caraguatatuba,11671-310,Rua Doze
Loteamento Estância Mirante de Caraguatatuba,11671-311,Rua Um
Loteamento Estância Mirante de Caraguatatuba,11671-313,Rua Dois
Loteamento Estância Mirante de Caraguatatuba,11671-314,Rua Três
Loteamento Estância Mirante de Caraguatatuba,11671-315,Rua Quatro
Loteamento Estância Mirante de Caraguatatuba,11671-316,Rua Cinco
Loteamento Estância Mirante de Caraguatatuba,11671-317,Rua Seis
Loteamento Estância Mirante de Caraguatatuba,11671-318,Rua Sete
Loteamento Estância Mirante de Caraguatatuba,11671-319,Rua Oito
Loteamento Estância Mirante de Caraguatatuba,11671-320,Rua Dezesseis
Loteamento Estância Mirante de Caraguatatuba,11671-321,Rua Dez
Loteamento Estância Mirante de Caraguatatuba,11671-326,Avenida Joaquina Engracia Soares Tidioli
Loteamento Estância Mirante de Caraguatatuba,11671-330,Rua Vinte
Loteamento Estância Mirante de Caraguatatuba,11671-340,Rua Vinte e Quatro
Loteamento Estância Mirante de Caraguatatuba,11671-360,Rua Vinte e Dois
Loteamento Estância Mirante de Caraguatatuba,11671-370,Rua Dezoito
Loteamento Estância Mirante de Caraguatatuba,11671-380,Rua Quatorze
Loteamento Ibisco,11677-199,Rua Antonio Alécio Pigosso
Loteamento Ibisco,11677-201,Rua Sebastião Alves dos Santos
Loteamento Ibisco,11677-211,Rua Francisco de Assis Rodrigues Alves
Loteamento Jardim Aruan,11665-380,Avenida Durvalina Bueno
Loteamento Jardim Aruan,11665-460,Rua Rotary
Loteamento Jardim Aruan,11665-470,Rua União das Américas
Loteamento Jardim Aruan,11665-490,Rua Marquês de Herval
Loteamento Jardim Aruan,11665-500,Avenida Almirante Tamandaré
Loteamento Jardim das Palmeiras,11666-252,Avenida Luiz Eduardo Aulicino
Loteamento Jardim das Palmeiras,11666-253,Rua M
Loteamento Jardim das Palmeiras,11666-256,Rua J
Loteamento Jardim Primavera,11668-110,Rua Lindolfo Batista de Souza
Loteamento Jardim Primavera,11668-135,Rua Benedito Miguel dos Santos
Loteamento Jardim Primavera,11668-146,Rua Maria Soares de Sá
Loteamento Morada do Mar,11677-590,Rua Cidade de Adamantina
Loteamento Morada do Mar,11677-600,Rua Cidade de Andradina
Loteamento Morada do Mar,11677-610,Rua Cidade de Assis
Loteamento Morada do Mar,11677-620,Rua Cidade de Capivari
Loteamento Morada do Mar,11677-630,Avenida Donato Mascarenhas Filho
Loteamento Morada do Mar,11677-640,Rua Cidade de Guaíra
Loteamento Morada do Mar,11677-650,Rua Cidade de Ibitinga
Loteamento Morada do Mar,11677-660,Rua Cidade de Iperoig
Loteamento Morada do Mar,11677-670,Rua Cidade de Itapetininga
Loteamento Morada do Mar,11677-680,Rua Cidade de Itapeva
Loteamento Morada do Mar,11677-690,Rua Cidade de Itapira
Loteamento Morada do Mar,11677-700,Rua Cidade de Itatiaia
Loteamento Morada do Mar,11677-710,Rua Cidade de Itarirí
Loteamento Morada do Mar,11677-720,Rua Cidade de Itaquaquecetuba
Loteamento Morada do Mar,11677-730,Rua Cidade de Itu
Loteamento Morada do Mar,11677-740,Rua Cidade de Ituverava
Loteamento Morada do Mar,11677-750,Avenida Luiz Saito
Loteamento Morada do Mar,11677-760,Rua Cidade de Miracatú
Loteamento Morada do Mar,11677-770,Rua Cidade de Palmital
Loteamento Morada do Mar,11677-780,Rua Cidade de Piedade
Loteamento Morada do Mar,11677-790,Rua Cidade de Pontal
Loteamento Morada do Mar,11677-800,Avenida Yvone Yoneka Nakanishi
Loteamento Portal dos Pássaros,11668-681,Rua Um
Loteamento Portal dos Pássaros,11668-682,Rua Dois
Loteamento Portal dos Pássaros,11668-683,Rua Três
Loteamento Portal dos Pássaros,11668-684,Rua Quatro
Loteamento Portal dos Pássaros,11668-685,Rua Cinco
Loteamento Portal dos Pássaros,11668-686,Rua Seis
Loteamento Recanto Perequê,11668-321,Rua José Benedito
Loteamento Recanto Perequê,11668-335,Rua Raimundo Fernandes Vaz
Loteamento Recanto Sandra,11662-740,Rua Hiram Mendes
Loteamento Recanto Sandra,11662-743,Rua Matilde Veríssimo Mendes
Loteamento Recanto Sandra,11662-745,Rua Marcos Antônio Amaral
Loteamento Recanto Sandra,11662-750,Rua Doutor Carlos Adalberto Garcia
Loteamento Recanto Sandra,11662-760,Rua Ronan Carvalho da Silva
Loteamento Recreio Juqueriquerê,11667-795,Rua Nair Aparecida dos Santos
Loteamento Recreio Juqueriquerê,11669-450,Rua Benedito Marcos de Souza
Loteamento Recreio Juqueriquerê,11669-460,Travessa Manoel Calixto de Souza
Loteamento Recreio Juqueriquerê,11671-030,Rua Alexandre Costa Pinto
Loteamento Recreio Juqueriquerê,11671-050,Rua José Fabrette
Loteamento Recreio Juqueriquerê,11671-051,Rua José Lopes de Andrade
Loteamento Recreio Juqueriquerê,11671-052,Rua Oito
Loteamento Recreio Juqueriquerê,11671-053,3ª Travessa da Salustiano Rodrigues Ferreira
Loteamento Recreio Juqueriquerê,11671-054,4ª Travessa da Salustiano Rodrigues Ferreira
Loteamento Recreio Juqueriquerê,11671-060,Rua Ademar Fida
Loteamento Recreio Juqueriquerê,11671-365,Rua Geralda Conceição Alves
Loteamento Residencial Nova Caraguá I,11669-471,Rua Antonio Marcelo
Loteamento Residencial Nova Caraguá I,11669-472,Rua Edmur Domiciano
Loteamento Residencial Nova Caraguá I,11669-473,Rua Hilario Garcia Gomes
Loteamento Residencial Nova Caraguá I,11669-474,Rua Miguel Lopes Gutierre Filho
Loteamento Residencial Nova Caraguá II,11669-331,Rua Marcelo dos Santos
Loteamento Residencial Nova Caraguá II,11669-332,Rua Gilson Pereira de Souza
Loteamento Residencial Nova Caraguá II,11669-333,Rua Nelson Pires
Loteamento Residencial Nova Caraguá II,11669-334,Rua Maria Francisca Ferreira
Loteamento Residencial Nova Caraguá II,11669-335,Rua João Vitor Simonetti de Moraes
Loteamento Residencial Nova Caraguá II,11669-336,Rua Luiz Antonio Camargo
Loteamento Residencial Nova Caraguá II,11669-337,Rua Margarida Ezequiel dos Santos
Loteamento Residencial Nova Caraguá II,11669-338,Rua Marcelo de Siqueira Camargo
Loteamento Residencial Nova Caraguá II,11669-339,Rua Benedito Galdino da Silva
Loteamento Residencial Nova Caraguá II,11669-341,Rua Otacilio Francisco da Silva
Loteamento Residencial Nova Caraguá II,11669-342,Rua Gerson Cruz
Loteamento Residencial Nova Caraguá II,11669-343,Rua Benedicta Aparecida de Lima Pereira
Loteamento Residencial Nova Caraguá II,11669-344,Rua Pedro Custódio de Carvalho
Loteamento Residencial Nova Caraguá II,11669-345,Rua Benedicto Baptista Nobre
Loteamento Residencial Nova Caraguá II,11669-346,Rua José Menino Aparecido Rocha
Loteamento Residencial Nova Caraguá II,11669-347,Rua José Benedito dos Santos
Loteamento Residencial Nova Caraguá II,11669-348,Rua Olivio Francisco Isidoro
Loteamento Residencial Nova Caraguá II,11669-349,Rua Pedro Marcello dos Santos
Loteamento Residencial Nova Caraguá II,11669-351,Rua Antônio Policarpo Galdino
Loteamento Residencial Nova Caraguá II,11669-352,Rua Custodia Gomes de Moraes Souza
Loteamento Residencial Nova Caraguá II,11669-353,Rua Egídio Soares dos Santos
Loteamento Residencial Nova Caraguá II,11669-354,Rua João Manoel Pereira dos Santos
Loteamento Residencial Nova Caraguá II,11669-355,Rua Laudario Alvaro Ferreira
Loteamento Residencial Nova Caraguá II,11669-356,Rua Valéria Borgethe
Loteamento Residencial Nova Caraguá II,11669-357,Rua Jorge Matsugueta
Loteamento Residencial Nova Caraguá II,11669-358,Avenida João Carlos Balio
Loteamento Rio Marinas,11671-390,Rua Anathália Fragoso
Loteamento Rio Marinas,11671-391,Rua Mário Maziero
Loteamento Rio Marinas,11671-392,Rua Moacyr Fragoso
Loteamento Rio Marinas,11671-393,Rua José Francisco dos Santos
Loteamento Rio Marinas,11671-394,Rua Seis
Loteamento Rio Marinas,11671-396,Rua Cinco
Loteamento Rio Marinas,11671-397,Rua Antonia Pimentel Cabral dos Santos
Loteamento Rio Marinas,11671-398,Rua Quatro
Loteamento Rio Marinas,11671-399,Rua Sete
Loteamento Roteiro do Sol,11677-581,Rua Miguel Victor Basile
Loteamento Roteiro do Sol,11677-582,Rua 4
Loteamento Roteiro do Sol,11677-583,Rua Raymundo Soban
Loteamento Sato,11671-265,Rua Helena Gallardi Polillo
Loteamento Sato,11671-266,Rua Jair da Silva Amorim
Loteamento Sato,11671-268,Rua Francisco Polillo Júnior
Loteamento Sato,11671-270,Rua E
Loteamento Sato,11671-280,Rua Mauro do Nascimento Alves
Loteamento Vila Indaiá,11665-315,Avenida Belém
Loteamento Villagio Verde Mare,11677-015,Rua Professor Lúcio Jacinto dos Santos
Loteamento Villagio Verde Mare,11677-016,Rua Victor Moises Kfouri
Loteamento Villagio Verde Mare,11677-533,Rua Celso Vitta
Loteamento Villagio Verde Mare,11677-535,Rua Tenente Valdemar Costa
Mar Verde,11677-840,Rua Anchôva
Mar Verde,11677-841,Rua Dourado
Mar Verde,11677-842,Rua Betara
Mar Verde,11677-843,Rua Peixe Espada
Mar Verde,11677-844,Rua Garoupa
Mar Verde,11677-845,Rua Linguado
Mar Verde,11677-846,Rua Manjuba
Mar Verde,11677-847,Rua Mero
Mar Verde,11677-848,Rua Guaivira
Mar Verde,11677-849,Rua Badejo
Mar Verde,11677-850,Rua Carapau
Mar Verde,11677-851,Rua Arraia
Mar Verde,11677-852,Rua Sabelha
Mar Verde,11677-853,Rua Bagre
Mar Verde,11677-854,Rua Roncador
Mar Verde,11677-855,Rua Olhete
Mar Verde,11677-856,Rua Pampo
Mar Verde,11677-857,Rua Cocoroca
Mar Verde,11677-858,Rua Robalo
Mar Verde,11677-859,Rua Sargo
Mar Verde,11677-860,Rua Tainha
Mar Verde,11677-861,Rua Pescada
Mar Verde,11677-863,Rua Cação
Mar Verde II,11677-809,Rua Merluza
Mar Verde II,11677-810,Avenida Dois
Mar Verde II,11677-820,Rua Golfinho
Mar Verde II,11677-821,Rua Xareu
Mar Verde II,11677-822,Rua Caratinga
Mar Verde II,11677-823,Rua 17
Mar Verde II,11677-824,Rua Sardinha
Mar Verde II,11677-825,Rua 18
Mar Verde II,11677-826,Rua Frade
Mar Verde II,11677-827,Rua Corvina
Mar Verde II,11677-828,Rua Meluza
Mar Verde II,11677-829,Rua Parati
Mar Verde II,11677-830,Rua Namorado
Mar Verde II,11677-831,Rua Barracuda
Mar Verde II,11677-832,Rua Trilha
Mar Verde II,11677-833,Rua Pargo
Mar Verde II,11677-834,Rua Carapeva
Mar Verde II,11677-835,Rua Bonito
Mar Verde II,11677-836,Rua Vermelho
Mar Verde II,11677-837,Rua Atum
Martim de Sá,11662-000,Avenida Doutor Aldino Schiavi
Martim de Sá,11662-035,Rua Dom Pedro I
Martim de Sá,11662-045,Travessa Massaranduba
Martim de Sá,11662-055,Avenida Nossa Senhora do Brasil
Martim de Sá,11662-100,Avenida Irineu Mendes de Souza
Martim de Sá,11662-160,Alameda das Magnólias
Martim de Sá,11662-200,Avenida Martin de Sá
Martim de Sá,11662-210,Rua Manoel Henrique de Oliveira
Martim de Sá,11662-301,Travessa A
Martim de Sá,11662-335,Travessa Guilhermina Antunes Nastari
Martim de Sá,11662-380,Avenida do Canal
Martim de Sá,11662-400,Avenida Horácio Rodrigues
Martim de Sá,11662-401,Praça Padre José Porfírio de Deus Filho
Martim de Sá,11662-460,Rua Dom Jerônimo de Ataide
Martim de Sá,11662-470,Rua Francisco Nunes Martinho Deca
Martim de Sá,11662-480,Rua Alexandre de Souza Freire
Martim de Sá,11662-490,Travessa Regiana
Martim de Sá,11662-500,Rua Ana Francisca Fachini
Martim de Sá,11662-510,Rua Circular Um
Martim de Sá,11662-511,Rua Shirley dos Reis Arida
Martim de Sá,11662-515,Praça Antônio Fachini
Martim de Sá,11662-520,Rua Itapoan
Martim de Sá,11662-521,Rua Dorly de Oliveira
Martim de Sá,11662-522,Rua Um
Martim de Sá,11662-523,Rua Dois
Martim de Sá,11662-530,Travessa Águeda Lopes Ruiz
Martim de Sá,11662-540,Rua Luiz Lyria Lopes
Martim de Sá,11662-550,Rua Luiz Lyria Martinez
Martim de Sá,11662-560,Travessa Cambuí
Martim de Sá,11662-570,Rua Pitangueiras
Massaguaçu,11677-000,Rodovia Caraguá Ubatuba
Massaguaçu,11677-001,Rua Benedito Francisco Santos
Massaguaçu,11677-030,Rua Sidnei de Oliveira Andrade
Massaguaçu,11677-033,Avenida Massaguaçu
Massaguaçu,11677-050,Travessa Antônio Camargo
Massaguaçu,11677-052,Travessa Ernani Peixoto
Massaguaçu,11677-053,Rua Carlos Alberto
Massaguaçu,11677-055,Rua Thomaz Totti
Massaguaçu,11677-060,Avenida Maria Carlota
Massaguaçu,11677-061,Rua Irmã Lucília
Massaguaçu,11677-065,Travessa Pescador Dito Fernandez
Massaguaçu,11677-066,Travessa Pescador Capuava
Massaguaçu,11677-067,Travessa Pescador Lulú
Massaguaçu,11677-068,Rua Cinco
Massaguaçu,11677-070,Avenida Ermelinda Araújo de Lima
Massaguaçu,11677-071,Rua José Theodoro de Azevedo
Massaguaçu,11677-080,Rua Pedro Leandro
Massaguaçu,11677-081,Rua Joana Felipe Soares
Massaguaçu,11677-082,Travessa Maria Sebastiana Braz
Massaguaçu,11677-089,Rua Sertão dos Tourinhos
Massaguaçu,11677-090,Rua Pescador Manoel Marcondes Sodré
Massaguaçu,11677-091,Rua Dezidério de Oliveira Filho
Massaguaçu,11677-100,Rua Sebastiana Felício de Oliveira
Massaguaçu,11677-101,Rua Professora Michela Cristina Fernandes Neves
Massaguaçu,11677-110,Rua Angra dos Reis
Massaguaçu,11677-111,Rua Parati
Massaguaçu,11677-140,Rua Fortaleza
Massaguaçu,11677-145,Rua Galdino Adolfo de Paula
Massaguaçu,11677-146,Rua Iracema Pereira da Silva
Massaguaçu,11677-150,Travessa Higino Custódio
Mirante da Orla,11676-100,Rua Garça
Mirante da Orla,11676-110,Rua Gaivotas
Mirante da Orla,11676-111,Rua Mirante da Orla
Mirante da Orla,11676-120,Rua Martim Pescador
Mirante da Orla,11676-130,Rua Rouxinol
Mirante da Orla,11676-140,Rua Paturí
Mirante da Orla,11676-150,Rua Pelicano
Mirante da Orla,11676-160,Rua Colibrí
Morro do Algodão,11671-000,Rua Guilherme de Almeida
Morro do Algodão,11671-001,Rua Belmiro Cabral
Morro do Algodão,11671-002,Rua Laura Cristina Pontes
Morro do Algodão,11671-003,Rua Antonio Bucci Filho
Morro do Algodão,11671-010,Rua Martins Fontes
Morro do Algodão,11671-020,Rua Olavo Bilac
Morro do Algodão,11671-023,Rua Manoel Soler Heredia
Morro do Algodão,11671-025,Viela Antônio Pontes
Morro do Algodão,11671-035,Rua Assembléia
Morro do Algodão,11671-040,Rua Azaleia
Morro do Algodão,11671-045,Rua Bahia
Morro do Algodão,11671-046,Travessa Santo Antônio
Morro do Algodão,11671-063,Praça Simone de Oliveira Pinto
Morro do Algodão,11671-065,Rua Professora Nair Campos Salles de Oliveira
Morro do Algodão,11671-070,Rua Sabrina Barbosa dos Santos
Morro do Algodão,11671-075,Rua Stefan Marton
Morro do Algodão,11671-080,Rua Joaquim Marques Batista de Leão
Morro do Algodão,11671-090,Rua Alberico da Silva Gordo
Morro do Algodão,11671-100,Rua José Alves dos Santos
Morro do Algodão,11671-110,Rua Santo Agostinho
Morro do Algodão,11671-120,Rua São Francisco
Morro do Algodão,11671-130,Rua São Dimas
Morro do Algodão,11671-140,Rua São Judas Tadeu
Morro do Algodão,11671-146,7ª Travessa da São Judas Tadeu
Morro do Algodão,11671-147,3ª Travessa da São Judas Tadeu
Morro do Algodão,11671-148,Rua Dez
Morro do Algodão,11671-150,Rua Santa Rita
Morro do Algodão,11671-160,Travessa Santa Rita
Morro do Algodão,11671-170,Rua São José
Morro do Algodão,11671-190,Travessa Santa Martha
Park Imperial,11678-090,Rua dos Manacás
Park Imperial,11678-091,Rua dos Cambucis
Park Imperial,11678-092,Rua das Jaboticabeiras
Park Imperial,11678-093,Rua das Canafístulas
Park Imperial,11678-094,Rua dos Guapuruvús
Park Imperial,11678-095,Rua das Cabriúvas
Park Imperial,11678-096,Rua dos Cambarás
Park Imperial,11678-097,Rua das Perobas
Park Imperial,11678-098,Rua das Sibipirunas
Park Imperial,11678-099,Rua das Caviúnas
Park Imperial,11678-100,Rua das Copaíbas
Park Imperial,11678-101,Rua dos Jatobás
Park Imperial,11678-102,Rua das Embaúbas
Park Imperial,11678-103,Rua dos Mulungús
Park Imperial,11678-104,Rua dos Palmiteiros
Park Imperial,11678-105,Rua das Goiabeiras
Park Imperial,11678-106,Rua das Arueiras
Park Imperial,11678-107,Rua dos Alecrins
Park Imperial,11678-108,Rua das Guabirobas
Park Imperial,11678-109,Rua dos Jequitibás
Park Imperial,11678-110,Rua dos Ingazeiros
Park Imperial,11678-111,Rua dos Angicos
Park Imperial,11678-112,Rua das Guajuviras
Park Imperial,11678-114,Rua das Guaiçaras
Park Imperial,11678-116,Rua dos Tucaneiros
Parque Balneário Maria Helena,11668-001,Rua Luiz Carlos Siqueira
Parque Balneário Maria Helena,11668-005,Rua Benedito Fortunato
Parque Balneário Maria Helena,11668-010,Avenida Josefa Gonçalves de Almeida
Parque Balneário Maria Helena,11668-011,Rua Benedito Miguel de Oliveira
Parque Balneário Maria Helena,11668-015,Avenida Pedro Gonçalves Leite
Parque Balneário Maria Helena,11668-143,Avenida Ítalo Mazzucca
Parque Balneário Poiares,11665-350,Avenida General Osório
Parque Balneário Poiares,11665-360,Rua Evaristo da Veiga
Parque Balneário Poiares,11665-370,Rua Benjamin Constant
Parque Balneário Poiares,11665-390,Rua Almirante Barroso
Parque Balneário Poiares,11665-400,Rua Senador Feijó
Parque Balneário Poiares,11665-410,Rua Duarte da Costa
Parque Balneário Poiares,11665-420,Rua Mathias de Albuquerque
Parque Balneário Poiares,11665-440,Rua Henrique Dias
Parque Balneário Poiares,11665-510,Rua Cláudio Manoel da Costa
Parque Balneário Poiares,11665-511,Rua Afonso Celso de Sena Aguiar
Parque Balneário Poiares,11665-520,Rua Alvarenga Peixoto
Parque Balneário Poiares,11665-530,Rua Tomaz Antônio Gonzaga
Pegorelli,11667-825,Estrada dos Pássaros
Pegorelli,11667-827,Estrada do Sítio Tucumã
Pegorelli,11667-828,Rua Sebastião Monteiro de Andrade
Pegorelli,11667-829,Rua Benedicto Cruz
Pegorelli,11667-830,Avenida Avelino Alves dos Santos
Pegorelli,11667-831,Avenida Carlos Roberto Magalhães Reis
Pegorelli,11667-832,Travessa Santo Antonio
Pegorelli,11667-833,Travessa Dois da Rua Caminho Grande
Pegorelli,11667-834,Rua Antônio de Souza Santos
Pegorelli,11667-835,Estrada da Enseada
Pegorelli,11667-836,Rua Lucila Medeiros
Pegorelli,11667-837,Rua Dois
Pegorelli,11667-838,Rua Três
Pegorelli,11667-839,Rua Circular
Pegorelli,11667-840,Travessa Um
Pegorelli,11667-841,Travessa Dois
Pegorelli,11667-842,Travessa Caminho Grande
Pegorelli,11667-843,Rua Jorge de Freitas Cassiano
Pegorelli,11667-844,Rua Benedito Souza Cassiano
Pegorelli,11667-846,Rua Rio Amazonas
Pegorelli,11667-848,Rua Rio Negro
Pegorelli,11667-850,Rua Manoel Oliveira dos Santos
Perequê Mirim,11668-060,Rua Maria Firmina da Paz
Perequê Mirim,11668-075,Rua Aristóteles Francisco de Sá
Perequê Mirim,11668-100,Rua Benedito Jacinto do Prado
Perequê Mirim,11668-150,Rua Primeiro de Maio
Perequê Mirim,11668-175,Rua Valmir Alves dos Reis
Perequê Mirim,11668-207,Rua Yoshizo Shibata
Perequê Mirim,11668-300,Avenida Orlando Alves de Souza
Perequê Mirim,11668-301,Travessa Um da Orlando Alves de Souza
Perequê Mirim,11668-302,Travessa Dois da Orlando Alves de Souza
Perequê Mirim,11668-303,Rua Itapema
Perequê Mirim,11668-304,Rua José Fernandes Nunes
Perequê Mirim,11668-305,Rua Santa Bárbara
Perequê Mirim,11668-306,Rua Três
Perequê Mirim,11668-307,Travessa Dois da Rua Dom João VI
Perequê Mirim,11668-308,Rua Elvira Antonieta Steffen
Perequê Mirim,11668-309,Travessa Leonídio França Oliveira
Perequê Mirim,11668-310,Rua Nossa Senhora Aparecida
Perequê Mirim,11668-311,Rua Clemente Gomes Ferreira
Perequê Mirim,11668-312,Rua Daniel Gomes Ribeiro
Perequê Mirim,11668-313,Rua Apolônia Silva Santos
Perequê Mirim,11668-314,Rua Amparo
Perequê Mirim,11668-315,Rua São Roque
Perequê Mirim,11668-316,Rua Benedicto Antunes dos Santos
Perequê Mirim,11668-317,Rua Elisiário Antonio de Souza
Perequê Mirim,11668-318,Rua Santo Ambrosio
Perequê Mirim,11668-319,Rua Ypê
Perequê Mirim,11668-320,Rua Santa Inez
Perequê Mirim,11668-325,Rua Santo Ambrósio
Perequê Mirim,11668-326,Travessa Abilio Pereira de Andrade
Perequê Mirim,11668-330,Rua Dom Antônio Felipe Camarão
Poiares,11673-000,Avenida Marechal Floriano Peixoto
Poiares,11673-040,Rua José Miranda de Faria
Poiares,11673-050,Travessa Lindório da Silva
Poiares,11673-051,Travessa José Miranda de Faria
Poiares,11673-055,Praça Noé Teixeira Rocha
Poiares,11673-085,Travessa Benedita Francisca da Silva Gonçalves
Poiares,11673-093,Praça José Lima da Silva
Poiares,11673-100,Rua Eliete Paz da Rocha
Poiares,11673-110,Rua João Café Filho
Poiares,11673-120,Rua Nilo Peçanha
Poiares,11673-130,Rua Mem de Sá
Poiares,11673-140,Rua Martim Afonso de Souza
Poiares,11673-150,Rua Tomé de Souza
Poiares,11673-160,Rua Marechal Arthur Costa e Silva
Poiares,11673-170,Rua Hermes da Fonseca
Poiares,11673-180,Rua Getúlio Vargas
Poiares,11673-190,Rua José do Patrocínio
Poiares,11673-200,Avenida Prudente de Moraes
Poiares,11673-210,Rua Wenceslau Braz
Poiares,11673-220,Rua Epitácio Pessoa
Poiares,11673-230,Rua Arthur Bernardes
Poiares,11673-231,Avenida Marginal Esquerda
Poiares,11673-232,Rua A
Poiares,11673-240,Rua Dom João VI
Poiares,11673-250,Rua Joaquim José da Silva Xavier
Poiares,11673-260,Rua Dom Pedro I
Poiares,11673-270,Rua Dom Pedro II
Poiares,11673-280,Rua José Bonifácio de Andrada e Silva
Poiares,11673-290,Rua Pedro Álvares Cabral
Poiares,11673-300,Rua Rui Barbosa
Pontal de Santa Marina,11672-000,Avenida dos Eder Silva Rodrigues Alves
Pontal de Santa Marina,11672-010,Praça Sílvio Luiz dos Santos
Pontal de Santa Marina,11672-020,Rua do Contorno
Pontal de Santa Marina,11672-030,Avenida Sargento Raul Fernandes Neves Neto
Pontal de Santa Marina,11672-031,Avenida José Herculano
Pontal de Santa Marina,11672-032,Rua Prudencia Sanches Froile Mansano
Pontal de Santa Marina,11672-040,Avenida Francisco Garrido
Pontal de Santa Marina,11672-050,Avenida Albert Charles Hanciau
Pontal de Santa Marina,11672-060,Avenida Ridsdale Harri Brawn
Pontal de Santa Marina,11672-061,Rua A
Pontal de Santa Marina,11672-063,Rua B
Pontal de Santa Marina,11672-070,Rua Dezenove
Pontal de Santa Marina,11672-080,Rua Engenheiro Nilton de Oliveira e Silva
Pontal de Santa Marina,11672-090,Rua Sady Gomes de Almeida
Pontal de Santa Marina,11672-100,Rua Antônio Carlos Quental Simas
Pontal de Santa Marina,11672-110,Rua Professor João Baptista Gardelin
Pontal de Santa Marina,11672-120,Rua Carlos Lunardi
Pontal de Santa Marina,11672-130,Rua Ariosto Buller Souto
Pontal de Santa Marina,11672-140,Rua Benedito Roque dos Santos Filho
Pontal de Santa Marina,11672-141,Rua Nancib Rachid
Pontal de Santa Marina,11672-150,Rua Ministro Dilson Funaro
Pontal de Santa Marina,11672-160,Rua Salathiel Gonçalves de Castro Filho
Pontal de Santa Marina,11672-170,Rua Prudêncio Baeta
Pontal de Santa Marina,11672-171,Rua Semaan Yossef Alouan
Pontal de Santa Marina,11672-180,Rua Evaldo Cuba
Pontal de Santa Marina,11672-190,Rua Álvaro Theodoro da Cruz
Pontal de Santa Marina,11672-200,Rua Izaira Agostinho da Silva
Pontal de Santa Marina,11672-201,Rua Nove
Pontal de Santa Marina,11672-210,Rua Yolanda Gozzi Rodrigues
Pontal de Santa Marina,11672-220,Rua Cândida dos Prazeres de Moura
Portal da Fazendinha,11676-250,Rua das Azaléias
Portal da Fazendinha,11676-260,Avenida Jardim
Portal da Fazendinha,11676-270,Rua João Guimarães Rosa
Portal da Fazendinha,11676-280,Rua das Tulipas
Portal da Fazendinha,11676-300,Rua das Papoulas
Portal da Fazendinha,11676-310,Rua das Orquídeas
Portal da Fazendinha,11676-320,Rua dos Miosótis
Portal da Fazendinha,11676-330,Rua Dom Antônio Luiz de Souza
Portal da Fazendinha,11676-340,Rua dos Lilases
Portal da Fazendinha,11676-350,Rua Antônio de Souza Menezes
Portal da Fazendinha,11676-351,Rua Torquatro Cândido Portinari
Portal da Fazendinha,11676-360,Rua das Hortências
Portal da Fazendinha,11676-370,Rua das Gardênias
Portal da Fazendinha,11676-380,Rua dos Crisântemos
Portal da Fazendinha,11676-390,Rua Carmélias
Portal do Patrimonium,11677-115,Rua Diogo de Mendonça Furtado
Portal do Patrimonium,11677-125,Rua Curitiba
Portal do Patrimonium,11677-130,Rua Dom Lourenço de Almada
Portal do Patrimonium,11677-135,Alameda José Jeraissati
Portal do Patrimonium,11677-143,Rua Adhemar Ribeiro
Portal do Patrimonium,11677-185,Rua Izaguir Anello
Portal do Patrimonium,11677-350,Rua Pedro Aleixo
Portal do Patrimonium,11677-355,Rua São José de Santa Rita
Portal do Patrimonium,11677-358,Rua Antonio de Salema
Portal do Patrimonium,11677-359,Rua Pedro Celestino Pereira
Portal do Patrimonium,11677-364,Rua Cipriano José Barata de Almeida
Portal do Patrimonium,11677-369,Rua Luiz Cesar de Menezes
Portal do Patrimonium,11677-370,Rua Pedro Américo de Figueiredo e Melo
Portal do Patrimonium,11677-371,Rua Luiz Felipe Saldanha da Gama
Portal do Patrimonium,11677-372,Rua Dom Luiz de Souza
Portal do Patrimonium,11677-373,Rua Francisco Silviano de Almeida Brandão
Portal do Patrimonium,11677-374,Rua General João Rodrigues de Vasconcelos
Portal do Patrimonium,11677-376,Rua General Francisco Barreto
Portal do Patrimonium,11677-378,Rua Diogo de Menezes e Siqueira
Portal do Patrimonium,11677-379,Rua Diogo Luiz de Oliveira
Portal do Patrimonium,11677-381,Rua Carlos Drumond de Andrade
Portal do Tabatinga,11679-199,Rua Nove
Portal do Tabatinga,11679-200,Avenida Eurico Gaspar Dutra
Portal do Tabatinga,11679-201,Rua Treze
Portal do Tabatinga,11679-202,Rua Onze
Portal do Tabatinga,11679-203,Rua Dez
Portal do Tabatinga,11679-204,Rua Sete
Portal do Tabatinga,11679-205,Rua Seis
Portal do Tabatinga,11679-206,Rua Cinco
Portal do Tabatinga,11679-207,Rua Oito
Portal do Tabatinga,11679-208,Rua Quatro
Portal do Tabatinga,11679-209,Rua Três
Praia da Mococa,11678-160,Rua Santa Paulina
Praia da Mococa,11678-162,Rua Boqueirão
Praia da Mococa,11678-164,Rua Frei Galvão
Praia da Mococa,11678-166,Rua São Roque
Praia das Palmeiras,11666-250,Avenida Gaspar de Souza
Praia das Palmeiras,11666-251,Avenida Manoel Avelino dos Santos
Praia das Palmeiras,11666-255,Rua Alice Cortes Cintra
Praia das Palmeiras,11666-260,Rua São Paulo
Praia das Palmeiras,11666-265,Rua Antônio Pereira Garcia
Praia das Palmeiras,11666-270,Rua Marília
Praia das Palmeiras,11666-280,Rua João Blau
Praia das Palmeiras,11666-285,Rua Marilene Bueno
Praia das Palmeiras,11666-290,Rua Botucatu
Praia das Palmeiras,11666-295,Alameda dos Golfinhos Verdes
Praia das Palmeiras,11666-310,Rua Ribeirão Preto
Praia das Palmeiras,11666-315,Rotatória Antônia Candelária Campregher Romano
Praia das Palmeiras,11666-320,Rua Campinas
Praia das Palmeiras,11666-330,Rua Itu
Praia das Palmeiras,11666-340,Rua Amélia
Praia das Palmeiras,11666-350,Rua Jaú
Praia das Palmeiras,11666-360,Rua Antônio Rodrigues de Arzão
Praia das Palmeiras,11666-370,Rua Júlio Lazarini
Praia das Palmeiras,11666-380,Rua Carlos Ribeiro Justiniano Chagas
Praia das Palmeiras,11666-395,Rua Urubatão
Praia das Palmeiras,11666-400,Rua São Jorge
Praia das Palmeiras,11666-410,Rua das Palmeiras
Praia das Palmeiras,11666-420,Rua Dona Carolina
Praia das Palmeiras,11666-430,Rua Dom Fernando Mascarenhas
Praia das Palmeiras,11666-440,Rua São Jerônimo
Praia das Palmeiras,11666-450,Rua Pai Felício
Praia das Palmeiras,11666-460,Rua Silmar Fernandes
Praia das Palmeiras,11666-470,Rua Sílvio Fernandes
Praia das Palmeiras,11666-480,Rua José de Almeida
Praia das Palmeiras,11666-490,Rua João Ribeiro
Prainha,11661-570,Avenida Paulo Ferraz da Silva Porto
Prainha,11661-590,Rua Dom Antônio Barreiros
Prainha,11661-600,Rua Mato Grosso do Sul
Prainha,11661-601,Praça Getúlio Vargas Navarro Magalhães
Prainha,11661-610,Rua Niterói
Prainha,11661-690,Rua Nelson de Oliveira Silva
Prainha,11661-720,Praça Joaquim Pereira da Silva
Prainha,11661-770,Rua Sebastião Peres de Oliveira
Recanto Morro do Algodão,11671-145,Rua Roque Rodrigues de Souza
Recanto Morro do Algodão,11671-149,Rua João Pinto Abreu
Recanto Morro do Algodão,11671-180,Rua Edson dos Santos
Recanto Morro do Algodão,11671-406,Rua Davi Floriano de Oliveira
Recanto Som do Mar,11676-230,Avenida Pedro Buono
Recanto Som do Mar,11676-233,Rua João Paulo dos Santos
Recanto Som do Mar,11676-236,Rua Dois
Recanto Som do Mar,11676-239,Rua Três
Recanto Som do Mar,11676-241,Rua Luiz Ricardo da Fonseca Garmbis
Recanto Som do Mar,11676-242,Rua Quatro
Recanto Som do Mar,11676-245,Rua Doutor Walter Raucci
Recanto Som do Mar,11676-248,Rua Recanto Som do Mar
Recanto Som do Mar,11676-249,Rua José Linhares
Recanto Som do Mar,11676-415,Avenida Fênix
Rio Claro,11669-890,Estrada Armelinda Nonato Galino
Rio Claro,11669-891,Estrada Divina Rodrigues de Jesus
Rio do Ouro,11675-550,Rua da Ivone Xavier Gonçalves
Rio do Ouro,11675-553,Rua José Poloni
Rio do Ouro,11675-555,Rua Agostinho Figueredo
Rio do Ouro,11675-560,Rua Pedro Nolasco
Rio do Ouro,11675-570,Rua Benedito de Carvalho
Rio do Ouro,11675-573,Rua Augusto Vieira de Oliveira
Rio do Ouro,11675-575,Rua Benedito Fida
Rio do Ouro,11675-580,Rua Joaquim Procópio P. Salgado
Rio do Ouro,11675-585,Avenida João Lopes da Silva
Rio do Ouro,11675-590,Travessa Pedra da Onça
Rio do Ouro,11675-595,Rua da Piscina
Rio do Ouro,11675-600,Rua Procyon
Rio do Ouro,11675-602,Rua Ariete
Rio do Ouro,11675-605,Rua Rosa dos Ventos
Rio do Ouro,11675-610,Rua Benedita da Conceição Ferreira Costa
Rio do Ouro,11675-615,Rua Jorge Álvares Maciel
Rio do Ouro,11675-620,Avenida José Antônio de Sousa Castro Rodrigues
Rio do Ouro,11675-621,Rua Benedito José Barbosa
Rio do Ouro,11675-622,Rua Sete
Rio do Ouro,11675-623,Rua Francisco Edissom Guedes Saraiva
Rio do Ouro,11675-625,Rua Lorival de Oliveira
Rio do Ouro,11675-630,Avenida Três
Rio do Ouro,11675-660,Rua Magno Jesus Barbosa
Rio do Ouro,11675-670,Avenida Américo Timóteo do Rosário
Rio do Ouro,11675-675,Rua Jose dos Santos Ribeiro
Rio do Ouro,11675-676,Rua Benedito Ferreira da Silva
Rio do Ouro,11675-680,Rua Félix Jonas Amorim
Rio do Ouro,11675-682,Travessa Quatro
Rio do Ouro,11675-685,Rua Osny Ramos
Rio do Ouro,11675-700,Rua Bernardo Alexandre
Sumaré,11661-000,Avenida Arthur Costa Filho
Sumaré,11661-010,Rua Fernando Costa
Sumaré,11661-020,Rua Juvenal Fernandes
Sumaré,11661-030,Rua São José dos Campos
Sumaré,11661-040,Rua Caçapava
Sumaré,11661-050,Praça José Rabelo da Cunha
Sumaré,11661-060,Rua Taubaté
Sumaré,11661-070,Avenida Lucas Nogueira Garcez
Sumaré,11661-080,Rua Pindamonhangaba
Sumaré,11661-090,Rua Aparecida do Norte
Sumaré,11661-100,Rua Zacarias Arouca
Sumaré,11661-110,Rua Campos do Jordão
Sumaré,11661-120,Rua Guaratinguetá
Sumaré,11661-130,Travessa José Mendes Souza
Sumaré,11661-140,Rua Lorena
Sumaré,11661-150,Rua Cruzeiro
Sumaré,11661-155,Rua Benedito Pedro Nepomuceno
Sumaré,11661-200,Avenida Brasil
Sumaré,11661-201,Estrada Benedito Mendes de Souza
Sumaré,11661-205,Praça Maria Ângela Terreri Bevilacqua
Sumaré,11661-210,Rua Monsenhor Ascânio Brandão
Sumaré,11661-220,Rua Cachoeira Paulista
Sumaré,11661-310,Rua Ilha Bela
Sumaré,11661-315,Praça Eulália Ramos Fachini
Sumaré,11661-320,Rua Paraíbuna
Sumaré,11661-330,Rua São Sebastião
Sumaré,11661-340,Rua Ubatuba
Sumaré,11661-350,Rua Jacareí
Sumaré,11661-360,Rua Villa Lobos
Sumaré,11661-370,Rua Carlos Gomes
Tabatinga,11679-000,Rodovia Rio-Santos
Tabatinga,11679-010,Avenida Um
Tabatinga,11679-040,Praça da Fonte
Tabatinga,11679-050,Rua Antônio Apolinário Muniz
Tabatinga,11679-100,Rua Antônio Manuel de Oliveira Filho
Tabatinga,11679-150,Rua Benedito Serrado
Tabatinga,11679-151,Alameda Candido Mariano da Silva Rondon
Tabatinga,11679-210,Rua do Golfo
Tabatinga,11679-211,Rua Luiz Carro Gonzales
Tabatinga,11679-212,Rua Dois
Tabatinga,11679-250,Rua Feliciano dos Santos
Tabatinga,11679-300,Rua Galdino Muniz
Tabatinga,11679-310,Rua Manoel Pereira dos Santos
Tabatinga,11679-340,Avenida Afonso Arinos de Melo Franco
Tabatinga,11679-350,Rua João Manoel de Oliveira
Tabatinga,11679-400,Rua João Gomes
Tabatinga,11679-450,Rua Raimundo Muniz
Tabatinga,11679-500,Rua João Pereira dos Santos
Tabatinga,11679-550,Travessa Serafim Marques
Tabatinga,11679-552,Rua Dezenove
Tabatinga,11679-554,Rua Vinte
Tabatinga,11679-555,Rua Dezoito
Tabatinga,11679-556,Rua Fábio de Oliveira
Tabatinga,11679-557,Rua Dezesseis
Tabatinga,11679-558,Rua Quinze
Tabatinga,11679-559,Rua Doze
Tabatinga,11679-560,Rua Catorze
Tabatinga,11679-600,Rua Severino Muniz
Tabatinga,11679-900,Rodovia Rio-Santos\, s/n
Tabatinga,11679-901,Rodovia Rio-Santos\, s/n
Tinga,11674-410,Avenida Marechal Deodoro da Fonseca
Tinga,11674-420,Travessa Benedito Ezequiel Santana
Tinga,11674-425,Praça Alexandre Kasemiro
Tinga,11674-430,Rua Marisa
Tinga,11674-440,Rua Márcia
Tinga,11674-450,Rua Homera
Tinga,11674-460,Rua José Ferreira
Tinga,11674-470,Rua Denilza Sebastiana Santos
Tinga,11674-480,Rua Antônio dos Santos
Tinga,11674-481,Travessa Antônio dos Santos
Tinga,11674-490,Rua Maria Aparecida Oliveira Moreira
Tinga,11674-500,Rua Delfim Moreira da Costa Ribeiro
Tinga,11674-560,Rua Miguel Adelaide
Tinga,11674-590,Rua Marginal
Tinga,11674-602,Rua Mário Ricardo Pinto
Tinga,11674-630,Rua João Pinto Filho
Tinga,11674-640,Rua Filadelfo Reis
Tinga,11674-650,Rua João Silveira da Cruz
Tinga,11674-651,Travessa João Silveira da Cruz
Tinga,11674-652,Travessa Dois
Tinga,11674-660,Rua Joaquina Siqueira Ferreira
Tinga,11674-781,Travessa Baltazar Borba Gato
Tinga,11674-790,Avenida Benedito Reis
Tinga,11674-800,Rua Maria Cândida de Souza
Tinga,11674-801,Travessa Júlio César Ferreira
Tinga,11674-805,Praça Princesa Isabel
Tinga,11674-810,Rua Joaquim Antônio Rocha
Tinga,11674-820,Rua Primeiro Centenário dos Batistas
Tinga,11674-830,Rua João Péricles de Barros
Tinga,11674-835,Rua Antônio Silveira da Cruz
Travessão,11669-000,Avenida José da Costa Pinheiro Júnior
Travessão,11669-020,Rua Francisco Antônio Castro
Travessão,11669-030,Rua Luiz Nicolau Fagundes Varela
Travessão,11669-040,Rua Caraguatatuba
Travessão,11669-050,Rua José Ferreira dos Santos
Travessão,11669-070,Avenida Marginal Direita
Travessão,11669-090,Rua João Lopez
Travessão,11669-120,Rua Geraldo Gomes de Souza
Travessão,11669-155,Travessa Valmir Ales dos Reis
Travessão,11669-160,Rua Lagoinha
Travessão,11669-171,Rua Circular
Travessão,11669-172,Rua D
Travessão,11669-180,Rua Bartolomeu Lourenço Gusmão
Travessão,11669-200,Rua Eleno Jesus da Silva
Travessão,11669-210,Rua Juqueí
Travessão,11669-220,Rua Topolândia
Travessão,11669-230,Praça Jorge de Castro
Travessão,11669-240,Rua Perequê
Travessão,11669-250,Rua Henrique Maximiliano Coelho Neto
Travessão,11669-260,Rua Matias da Cunha
Travessão,11669-270,Rua Getulio Oliveira de Lima
Travessão,11669-280,Travessa Sebastião Cândido do Nascimento
Travessão,11669-281,Rua Ciclames
Travessão,11669-290,Rua Benedito Carlos da Silva
Travessão,11669-300,Rua Maria Alves Vaz
Travessão,11669-301,Avenida João Carlos Balio
Travessão,11669-302,Rua Olímpia Inácia de Moraes
Travessão,11669-307,Rua José Geraldo da Silva Filho
Travessão,11669-309,Rua Cleusa Fátima dos Santos
Travessão,11669-310,Travessa Maria Alves Vaz
Verde Mar,11677-120,Rua Carlota Márcio
Verde Mar,11677-231,Rua Um
Verde Mar,11677-232,Rua Dois
Verde Mar,11677-233,Rua Três
Verde Mar,11677-234,Rua Quatro
Verde Mar,11677-235,Rua Cinco
Verde Mar,11677-236,Rua Seis
Verde Mar,11677-237,Rua Sete
Verde Mar,11677-238,Rua Oito
Verde Mar,11677-239,Rua Nove
Verde Mar,11677-241,Rua Dez
Verde Mar,11677-242,Rua Onze
Verde Mar,11677-243,Rua Doze
Verde Mar,11677-244,Rua Treze
Verde Mar,11677-245,Rua Catorze
Verde Mar,11677-246,Rua Quinze
Verde Mar,11677-247,Rua Dezesseis
Verde Mar,11677-248,Rua Dezessete
Verde Mar,11677-249,Viela Um
Verde Mar,11677-251,Viela Dois
Verde Mar,11677-252,Viela Três
Verde Mar,11677-253,Viela Quatro
Verde Mar,11677-254,Viela Cinco
Verde Mar,11677-255,Viela Seis
Verde Mar,11677-256,Viela Sete
Verde Mar,11677-257,Viela Oito
Verde Mar,11677-258,Viela Nove
Verde Mar,11677-259,Viela Dez
Verde Mar,11677-261,Viela Onze
Verde Mar,11677-262,Viela Doze
Vila Atlântica,11662-010,Rua Fernão Dias Paes Leme
Vila Atlântica,11662-020,Rua dos Caetés
Vila Atlântica,11662-030,Rua dos Guaranis
Vila Atlântica,11662-040,Rua dos Tupinambás
Vila Atlântica,11662-050,Rua Manoel Borba Gato
Vila Atlântica,11662-060,Rua dos Carijós
Vila Atlântica,11662-080,Rua dos Tamoios
Vila Atlântica,11662-090,Rua Paschoal Paes de Araújo
Vila Atlântica,11662-130,Rua Domingos Jorge Velho
Vila Atlântica,11662-140,Rua dos Aimorés
Vila Atlântica,11662-150,Rua dos Goitacazes
Vila Atlântica,11662-170,Rua Antônio Raposo Tavares
Vila Atlântica,11662-180,Rua Nicolau Barreto
Vila Atlântica,11662-190,Rua dos Guaicurus
Vila Atlântica,11662-260,Rua dos Tupis
Vila Atlântica,11662-300,Rua Bartolomeu Bueno da Silva
Vila Atlântica,11662-430,Rua dos Timbiras
Vila Balneário Santa Martha,11662-220,Rua Sorocaba
Vila Balneário Santa Martha,11662-230,Rua São Bento do Sapucaí
Vila Balneário Santa Martha,11662-240,Rua Nuporanga
Vila Balneário Santa Martha,11662-250,Rua Cunha
Vila Balneário Santa Martha,11662-270,Rua Campos Novos Paulista
Vila Balneário Santa Martha,11662-280,Rua Caconde
Vila Balneário Santa Martha,11662-310,Rua Santa Rita do Passa Quatro
Vila Balneário Santa Martha,11662-320,Rua Analândia
Vila Balneário Santa Martha,11662-330,Rua Bragança Paulista
Vila Balneário Santa Martha,11662-340,Rua Itu
Vila Balneário Santa Martha,11662-350,Rua Santana do Parnaíba
Vila Balneário Santa Martha,11662-360,Rua Santo Antônio do Pinhal
Vila Balneário Santa Martha,11662-371,Rua Iguape
Vila Balneário Santa Martha,11662-372,Rua Cananéia
Vila Balneário Santa Martha,11662-390,Rua Socorro
Vila Balneário Santa Martha,11662-410,Rua Santa Bárbara do Rio Pardo
Vila Balneário Santa Martha,11662-420,Rua Poá
Vila Balneário Santa Martha,11662-440,Rua Itanhaém
Vila Balneário Santa Martha,11662-450,Rua Peruíbe
Vila Balneário Santa Martha,11662-454,Rua do Parque
Vila Balneário Santa Martha,11662-455,Rua Eliza Bressanim Lopes
Vila Balneário Santa Martha,11662-456,Travessa Eliza Bressanim Lopes
Vila Ernestina,11675-715,Rua Clementino dos Santos Gomes
Vila Kenedy,11674-610,Rua Alzira Floriano de Sá
Vila Kenedy,11674-620,Rua Cantídia Olympia Sant' Ana
Vila Marcondes,11674-520,Rua Pedro Marques de Macedo
Vila Marcondes,11674-521,Rua Sete
Vila Marcondes,11674-530,Travessa Pedro Marques Macedo
Vila Marcondes,11674-540,Rua Maria José de Oliveira
Vila Marcondes,11674-550,Rua José Vicente Leal
Vila Nossa Senhora Aparecida,11660-540,Rua Irmã São Francisco
Vila Nossa Senhora Aparecida,11675-370,Rua Três
Vila Nossa Senhora Aparecida,11675-372,Rua Alfredo Ayres de Oliveira
Vila Nossa Senhora Aparecida,11675-374,Viela Particular
Vila Nossa Senhora Aparecida,11675-377,Rua Antonio Martinez
Vila Nossa Senhora Aparecida,11675-379,Rua Aurelina dos Santos Barbosa
Vila Nossa Senhora Aparecida,11675-511,Rua José Maurício Borges
Vila Nossa Senhora Aparecida,11675-690,Rua Francisco Ribeiro
Vila Ponte Seca,11675-113,Rua Engenheiro Jair Nunes de Souza
Vila Ponte Seca,11675-520,Rua Nelson Fagundes da Rosa
Vila Ponte Seca,11675-521,Rua Virgem da Lapa
Vila Ponte Seca,11675-522,Avenida Presidente Campos Salles
Vila Ponte Seca,11675-523,Rua Roberto Miguel David
Vila Ponte Seca,11675-524,Travessa Um
Vila Ponte Seca,11675-526,Rua Jair Ferreira Rosa
Vila Ponte Seca,11675-527,Travessa Dois
Vila Portal das Flores,11668-610,Rua Porto Novo
Vila Portal das Flores,11668-620,Rua Benedito Pereira
Vila Portal das Flores,11668-621,Rua Presidente Pascoal Ranieri Mazzili
Vila Portal das Flores,11668-622,Rua Gerâneo
Vila Portal das Flores,11668-623,Rua Petúnia
Vila Portal das Flores,11668-624,Rua Quaresmeira
Vila Portal das Flores,11668-625,Rua Vitorino dos Santos
Vila Portal das Flores,11668-626,Rua João Alves Pinheiro
Vila Portal das Flores,11668-627,Rua Dália
Vila Ricardo,11677-410,Rua Benedito Eduardo Ricardo
Vila Ricardo,11677-420,Travessa Antônia Ricardo
